,Bedroom,Bathroom,Den,Lat,Long,Price,Postal Code,Borough,Downtown Proximity,Borough Color
0,1,1.0,1,43.6430505,-79.3916429,2150.0,M5V,Downtown Toronto,0.10692090314989566,1
1,1,1.0,0,43.6409179,-79.3939821,1900.0,M5V,Downtown Toronto,0.13412750321682917,1
2,1,1.0,0,43.6413078,-79.4000933,1900.0,M5V,Downtown Toronto,0.16932984908143844,1
3,1,1.0,1,43.6400685,-79.39996040000003,2400.0,M5V,Downtown Toronto,0.17544290924269376,1
4,1,1.0,0,43.6476273,-79.39040809999999,2650.0,M5V,Downtown Toronto,0.0687141759505223,1
5,2,2.0,0,43.6394055,-79.3932324,3150.0,M5V,Downtown Toronto,0.14143144109054817,1
6,1,1.0,0,43.6480053,-79.3968338,2500.0,M5V,Downtown Toronto,0.11350822874090555,1
7,1,1.0,0,43.6489727,-79.3872946,2299.0,M5V,Downtown Toronto,0.04242862449108016,1
8,2,2.0,0,43.64787000000001,-79.391138,2350.0,M5V,Downtown Toronto,0.07189333224228309,1
9,1,1.0,1,43.6394055,-79.3932324,2424.0,M5V,Downtown Toronto,0.14143144109054817,1
10,1,1.0,0,43.6489727,-79.3872946,2299.0,M5V,Downtown Toronto,0.04242862449108016,1
11,1,1.0,0,43.6489001,-79.392205,2550.0,M5V,Downtown Toronto,0.07396998848521168,1
12,2,2.0,0,43.6394055,-79.3932324,3150.0,M5V,Downtown Toronto,0.14143144109054817,1
13,1,2.0,1,43.6402232,-79.395951,2500.0,M5V,Downtown Toronto,0.14970508735186822,1
14,2,2.0,0,43.64320770000001,-79.39211,3200.0,M5V,Downtown Toronto,0.10815345017278057,1
15,2,2.0,0,43.64787000000001,-79.391138,2350.0,M5V,Downtown Toronto,0.07189333224228309,1
16,1,1.0,1,43.6430505,-79.3916429,2150.0,M5V,Downtown Toronto,0.10692090314989566,1
17,1,1.0,0,43.6489727,-79.3872946,2299.0,M5V,Downtown Toronto,0.04242862449108016,1
18,1,1.0,0,43.6469441,-79.3923973,2100.0,M5V,Downtown Toronto,0.0855901881622868,1
19,1,1.0,0,43.6489727,-79.3872946,2299.0,M5V,Downtown Toronto,0.04242862449108016,1
20,2,2.0,0,43.6394055,-79.3932324,3150.0,M5V,Downtown Toronto,0.14143144109054817,1
21,1,1.0,1,43.6430505,-79.3916429,2150.0,M5V,Downtown Toronto,0.10692090314989566,1
22,1,1.0,0,43.640402,-79.39714670000002,2100.0,M5V,Downtown Toronto,0.15557449120895708,1
23,1,1.0,0,43.64787000000001,-79.391138,1850.0,M5V,Downtown Toronto,0.07189333224228309,1
24,1,1.0,1,43.6385213,-79.39946379999998,2300.0,M5V,Downtown Toronto,0.1816278228043028,1
25,1,1.0,0,43.6489727,-79.3872946,2299.0,M5V,Downtown Toronto,0.04242862449108016,1
26,1,1.0,0,43.6489001,-79.392205,2550.0,M5V,Downtown Toronto,0.07396998848521168,1
27,1,1.0,1,43.6400685,-79.39996040000003,2400.0,M5V,Downtown Toronto,0.17544290924269376,1
28,1,1.0,0,43.6489727,-79.3872946,2299.0,M5V,Downtown Toronto,0.04242862449108016,1
29,2,2.0,0,43.64787000000001,-79.391138,2350.0,M5V,Downtown Toronto,0.07189333224228309,1
30,1,1.0,1,43.6394055,-79.3932324,2424.0,M5V,Downtown Toronto,0.14143144109054817,1
31,1,1.0,0,43.6489727,-79.3872946,2299.0,M5V,Downtown Toronto,0.04242862449108016,1
32,1,1.0,0,43.6489001,-79.392205,2550.0,M5V,Downtown Toronto,0.07396998848521168,1
33,2,2.0,0,43.6394055,-79.3932324,3150.0,M5V,Downtown Toronto,0.14143144109054817,1
34,1,2.0,1,43.6402232,-79.395951,2500.0,M5V,Downtown Toronto,0.14970508735186822,1
35,2,2.0,0,43.64320770000001,-79.39211,3200.0,M5V,Downtown Toronto,0.10815345017278057,1
36,1,1.0,1,43.6430505,-79.3916429,2150.0,M5V,Downtown Toronto,0.10692090314989566,1
37,1,1.0,0,43.6469441,-79.3923973,2100.0,M5V,Downtown Toronto,0.0855901881622868,1
38,1,1.0,0,43.640402,-79.39714670000002,2100.0,M5V,Downtown Toronto,0.15557449120895708,1
39,1,1.0,0,43.64787000000001,-79.391138,1850.0,M5V,Downtown Toronto,0.07189333224228309,1
40,1,1.0,1,43.6385213,-79.39946379999998,2300.0,M5V,Downtown Toronto,0.1816278228043028,1
41,1,1.0,1,43.6400685,-79.39996040000003,2400.0,M5V,Downtown Toronto,0.17544290924269376,1
42,1,1.0,0,43.6469441,-79.3923973,1850.0,M5V,Downtown Toronto,0.0855901881622868,1
43,3,2.0,0,43.6467641,-79.3922208,3200.0,M5V,Downtown Toronto,0.08547068965576554,1
44,1,1.0,1,43.6406042,-79.3971881,1750.0,M5V,Downtown Toronto,0.1545444048277825,1
45,2,1.0,0,43.6383175,-79.3977947,3200.0,M5V,Downtown Toronto,0.1729785630175642,1
46,2,1.0,0,43.6469441,-79.3923973,2500.0,M5V,Downtown Toronto,0.0855901881622868,1
47,1,1.0,0,43.6469441,-79.3923973,2100.0,M5V,Downtown Toronto,0.0855901881622868,1
48,1,1.0,0,43.6367593,-79.3978503,1900.0,M5V,Downtown Toronto,0.18384769408241786,1
49,1,1.0,0,43.647632,-79.39296259999998,2100.0,M5V,Downtown Toronto,0.08574416677447882,1
50,1,1.0,1,43.6394055,-79.3932324,2424.0,M5V,Downtown Toronto,0.14143144109054817,1
51,2,2.0,0,43.64787000000001,-79.391138,2350.0,M5V,Downtown Toronto,0.07189333224228309,1
52,1,2.0,1,43.6402232,-79.395951,2500.0,M5V,Downtown Toronto,0.14970508735186822,1
53,1,1.0,1,43.6400685,-79.39996040000003,2400.0,M5V,Downtown Toronto,0.17544290924269376,1
54,2,1.0,0,43.645641,-79.39295340000002,1900.0,M5V,Downtown Toronto,0.09690979492416021,1
55,1,1.0,0,43.6476273,-79.39040809999999,2650.0,M5V,Downtown Toronto,0.0687141759505223,1
56,1,1.0,0,43.640402,-79.39714670000002,2100.0,M5V,Downtown Toronto,0.15557449120895708,1
57,1,1.0,0,43.64787000000001,-79.391138,1850.0,M5V,Downtown Toronto,0.07189333224228309,1
58,1,1.0,1,43.6385213,-79.39946379999998,2300.0,M5V,Downtown Toronto,0.1816278228043028,1
59,1,1.0,1,43.6400685,-79.39996040000003,2400.0,M5V,Downtown Toronto,0.17544290924269376,1
60,1,1.0,0,43.6469441,-79.3923973,1850.0,M5V,Downtown Toronto,0.0855901881622868,1
61,3,2.0,0,43.6467641,-79.3922208,3200.0,M5V,Downtown Toronto,0.08547068965576554,1
62,2,1.0,0,43.6383175,-79.3977947,3200.0,M5V,Downtown Toronto,0.1729785630175642,1
63,2,1.0,0,43.6469441,-79.3923973,2500.0,M5V,Downtown Toronto,0.0855901881622868,1
64,1,1.0,0,43.6469441,-79.3923973,2100.0,M5V,Downtown Toronto,0.0855901881622868,1
65,1,1.0,1,43.6430505,-79.3916429,2150.0,M5V,Downtown Toronto,0.10692090314989566,1
66,1,1.0,0,43.6367593,-79.3978503,1900.0,M5V,Downtown Toronto,0.18384769408241786,1
67,1,1.0,1,43.6408637,-79.39573929999997,2350.0,M5V,Downtown Toronto,0.14422745075091292,1
68,3,2.0,0,43.6387842,-79.3988635,3500.0,M5V,Downtown Toronto,0.17628839934208285,1
69,1,1.0,1,43.6476244,-79.3968608,2700.0,M5V,Downtown Toronto,0.11518400146443727,1
70,1,1.0,0,43.640402,-79.39714670000002,2100.0,M5V,Downtown Toronto,0.15557449120895708,1
71,1,1.0,0,43.6434855,-79.39230450000002,2300.0,M5V,Downtown Toronto,0.10722438937436975,1
72,1,1.0,0,43.6469441,-79.3923973,2090.0,M5V,Downtown Toronto,0.0855901881622868,1
73,1,1.0,0,43.6469441,-79.3923973,2150.0,M5V,Downtown Toronto,0.0855901881622868,1
74,1,1.0,0,43.6489727,-79.3872946,2299.0,M5V,Downtown Toronto,0.04242862449108016,1
75,1,1.0,0,43.6476273,-79.39040809999999,2650.0,M5V,Downtown Toronto,0.0687141759505223,1
76,1,1.0,1,43.6400685,-79.39996040000003,2400.0,M5V,Downtown Toronto,0.17544290924269376,1
77,1,1.0,0,43.647632,-79.39296259999998,2100.0,M5V,Downtown Toronto,0.08574416677447882,1
78,1,1.0,0,43.6489001,-79.392205,2100.0,M5V,Downtown Toronto,0.07396998848521168,1
79,2,2.0,0,43.64787000000001,-79.391138,2350.0,M5V,Downtown Toronto,0.07189333224228309,1
80,1,1.0,0,43.6439201,-79.3994776,2700.0,M5V,Downtown Toronto,0.151443417370067,1
81,1,1.0,1,43.6397355,-79.3904175,2600.0,M5V,Downtown Toronto,0.12738905281851867,1
82,1,2.0,0,43.6453398,-79.4021851,2650.0,M5V,Downtown Toronto,0.16606437083718179,1
83,3,2.0,0,43.6503403,-79.3876465,3900.0,M5V,Downtown Toronto,0.034690959044006306,1
84,1,1.0,0,43.6434855,-79.39230450000002,2100.0,M5V,Downtown Toronto,0.10722438937436975,1
85,1,1.0,0,43.6469441,-79.3923973,2050.0,M5V,Downtown Toronto,0.0855901881622868,1
86,1,1.0,0,43.6447693,-79.3970587,1600.0,M5V,Downtown Toronto,0.12967893976657147,1
87,2,2.0,0,43.6460058,-79.38990849999998,3100.0,M5V,Downtown Toronto,0.07687644331397987,1
88,1,1.0,1,43.64140820000001,-79.3912531,2950.0,M5V,Downtown Toronto,0.11743337069345293,1
89,1,1.0,0,43.64514929999999,-79.39081329999998,1300.0,M5V,Downtown Toronto,0.08764686413711018,1
90,2,1.0,0,43.645641,-79.39295340000002,1900.0,M5V,Downtown Toronto,0.09690979492416021,1
91,1,2.0,0,43.640402,-79.39714670000002,3600.0,M5V,Downtown Toronto,0.15557449120895708,1
92,2,2.0,0,43.6487831,-79.3880423,4050.0,M5V,Downtown Toronto,0.04747156808520708,1
93,2,2.0,0,43.6487831,-79.3880423,4100.0,M5V,Downtown Toronto,0.04747156808520708,1
94,1,1.0,1,43.6469126,-79.3902415,2300.0,M5V,Downtown Toronto,0.07237775992976608,1
95,2,1.5,0,43.6421316,-79.4013687,2300.0,M5V,Downtown Toronto,0.17402080363895045,1
96,1,1.0,0,43.6454236,-79.3962213,2200.0,M5V,Downtown Toronto,0.12034388839119937,1
97,1,1.0,0,43.6361646,-79.4033004,2200.0,M5V,Downtown Toronto,0.2202634628485567,1
98,2,1.0,0,43.6412101,-79.3938921,2600.0,M5V,Downtown Toronto,0.1315978846963441,1
99,1,1.0,0,43.6452974,-79.3923967,4700.0,M5V,Downtown Toronto,0.09560425950995549,1
100,1,1.0,0,43.6469441,-79.3923973,2050.0,M5V,Downtown Toronto,0.0855901881622868,1
101,2,2.0,0,43.6344756,-79.4015886,3300.0,M5V,Downtown Toronto,0.2203727342053327,1
102,1,1.0,0,43.6446286,-79.3929331,2300.0,M5V,Downtown Toronto,0.10312038676283507,1
103,1,1.0,0,43.6394055,-79.3932324,2300.0,M5V,Downtown Toronto,0.14143144109054817,1
104,1,1.0,1,43.6405271,-79.397104,2350.0,M5V,Downtown Toronto,0.15451960886313112,1
105,1,1.0,0,43.6413078,-79.4000933,850.0,M5V,Downtown Toronto,0.16932984908143844,1
106,2,2.0,0,43.6366681,-79.40044509999998,2600.0,M5V,Downtown Toronto,0.19935599941793178,1
107,1,1.0,0,43.6394055,-79.3932324,2000.0,M5V,Downtown Toronto,0.14143144109054817,1
108,1,1.0,0,43.6387842,-79.3988635,2600.0,M5V,Downtown Toronto,0.17628839934208285,1
109,2,2.0,0,43.6467641,-79.3922208,2500.0,M5V,Downtown Toronto,0.08547068965576554,1
110,1,1.0,1,43.6464345,-79.3918689,2450.0,M5V,Downtown Toronto,0.08520755261599357,1
111,1,1.0,0,43.6464345,-79.3918689,2450.0,M5V,Downtown Toronto,0.08520755261599357,1
112,1,1.0,0,43.64446020000001,-79.4024689,2200.0,M5V,Downtown Toronto,0.17175187347035814,1
113,2,2.0,0,43.6487831,-79.3880423,4000.0,M5V,Downtown Toronto,0.04747156808520708,1
114,1,1.0,1,43.6469441,-79.3923973,2300.0,M5V,Downtown Toronto,0.0855901881622868,1
115,1,1.0,0,43.6387842,-79.3988635,2600.0,M5V,Downtown Toronto,0.17628839934208285,1
116,1,1.0,0,43.6393466,-79.3997415,2150.0,M5V,Downtown Toronto,0.17830001556607192,1
117,1,1.0,1,43.641365500000006,-79.3914457,2300.0,M5V,Downtown Toronto,0.11859184542867353,1
118,1,1.0,0,43.6375235,-79.40087700000002,2400.0,M5V,Downtown Toronto,0.19661661714437687,1
119,1,1.0,0,43.64539600000001,-79.3942439,1900.0,M5V,Downtown Toronto,0.10677603458655606,1
120,2,2.0,0,43.64539600000001,-79.3942439,2500.0,M5V,Downtown Toronto,0.10677603458655606,1
121,1,1.0,0,43.6475126,-79.3927022,1600.0,M5V,Downtown Toronto,0.08453103980124471,1
122,1,1.0,0,43.6351036,-79.40101329999997,2100.0,M5V,Downtown Toronto,0.2128851455355085,1
123,1,1.0,0,43.6469441,-79.3923973,2200.0,M5V,Downtown Toronto,0.0855901881622868,1
124,1,1.0,0,43.6460058,-79.38990849999998,1900.0,M5V,Downtown Toronto,0.07687644331397987,1
125,1,1.0,0,43.6487831,-79.3880423,2250.0,M5V,Downtown Toronto,0.04747156808520708,1
126,1,2.0,0,43.6402232,-79.395951,2500.0,M5V,Downtown Toronto,0.14970508735186822,1
127,1,1.0,0,43.6489727,-79.3872946,2350.0,M5V,Downtown Toronto,0.04242862449108016,1
128,1,1.0,1,43.6390962,-79.3864748,2600.0,M5V,Downtown Toronto,0.12327782374617481,1
129,2,2.0,0,43.6375235,-79.40087700000002,3500.0,M5V,Downtown Toronto,0.19661661714437687,1
130,1,1.0,0,43.653226,-79.3831843,2000.0,M5V,Downtown Toronto,0.003084480358996262,1
131,1,1.0,1,43.6476273,-79.39040809999999,2350.0,M5V,Downtown Toronto,0.0687141759505223,1
132,1,1.0,0,43.6374082,-79.40664609999997,1900.0,M5V,Downtown Toronto,0.2359234900801673,1
133,1,1.0,1,43.641365500000006,-79.3914457,2700.0,M5V,Downtown Toronto,0.11859184542867353,1
134,1,1.0,1,43.6403804,-79.3973372,2150.0,M5V,Downtown Toronto,0.15687033335228978,1
135,1,1.0,1,43.64787000000001,-79.391138,3300.0,M5V,Downtown Toronto,0.07189333224228309,1
136,2,2.0,0,43.6439877,-79.4014038,2800.0,M5V,Downtown Toronto,0.1655429281175516,1
137,1,1.0,1,43.6469441,-79.3923973,2350.0,M5V,Downtown Toronto,0.0855901881622868,1
138,1,1.0,0,43.64595429999999,-79.4039853,1800.0,M5V,Downtown Toronto,0.17837403313585412,1
139,2,1.0,0,43.6400685,-79.39996040000003,2800.0,M5V,Downtown Toronto,0.17544290924269376,1
140,1,1.0,0,43.6450503,-79.39134109999998,3000.0,M5V,Downtown Toronto,0.09116777649934317,1
141,1,1.0,0,43.64393870000001,-79.4014775,1900.0,M5V,Downtown Toronto,0.16631963068958172,1
142,1,1.0,1,43.6469441,-79.3923973,2400.0,M5V,Downtown Toronto,0.0855901881622868,1
143,1,1.0,0,43.6402232,-79.395951,2200.0,M5V,Downtown Toronto,0.14970508735186822,1
144,2,2.0,0,43.6404783,-79.3949699,3130.0,M5V,Downtown Toronto,0.1424902703078573,1
145,1,1.0,0,43.6475126,-79.3927022,3750.0,M5V,Downtown Toronto,0.08453103980124471,1
146,1,1.0,1,43.6404402,-79.3918535,2550.0,M5V,Downtown Toronto,0.12743845886195548,1
147,2,1.0,0,43.6430555,-79.3961791,1700.0,M5V,Downtown Toronto,0.13315702259577017,1
148,2,2.0,0,43.6363456,-79.404535,2800.0,M5V,Downtown Toronto,0.22726853767056743,1
149,1,1.0,0,43.6438459,-79.391824,2400.0,M5V,Downtown Toronto,0.1021463958298389,1
150,1,1.0,0,43.6438459,-79.391824,2400.0,M5V,Downtown Toronto,0.1021463958298389,1
151,1,1.5,1,43.6449299,-79.3921465,2650.0,M5V,Downtown Toronto,0.09651908662741873,1
152,1,1.0,0,43.6410109,-79.4012807,2100.0,M5V,Downtown Toronto,0.17917323266825919,1
153,1,1.0,0,43.6407261,-79.3955671,1950.0,M5V,Downtown Toronto,0.14415048983903017,1
154,1,1.0,0,43.6489727,-79.3872946,2100.0,M5V,Downtown Toronto,0.04242862449108016,1
155,2,2.0,0,43.64618839999999,-79.3972358,3950.0,M5V,Downtown Toronto,0.12414374428393966,1
156,1,1.0,0,43.6489727,-79.3872946,2150.0,M5V,Downtown Toronto,0.04242862449108016,1
157,1,1.0,0,43.6472259,-79.3911003,2500.0,M5V,Downtown Toronto,0.0755100929865551,1
158,1,1.0,0,43.64787000000001,-79.391138,2200.0,M5V,Downtown Toronto,0.07189333224228309,1
159,2,2.0,0,43.6387842,-79.3988635,3200.0,M5V,Downtown Toronto,0.17628839934208285,1
160,1,1.0,1,43.6409179,-79.3939821,2200.0,M5V,Downtown Toronto,0.13412750321682917,1
161,1,1.0,0,43.6397355,-79.3904175,2200.0,M5V,Downtown Toronto,0.12738905281851867,1
162,2,2.0,0,43.6460058,-79.38990849999998,3050.0,M5V,Downtown Toronto,0.07687644331397987,1
163,2,1.5,0,43.6476349,-79.39248359999998,1200.0,M5V,Downtown Toronto,0.08235074370243554,1
164,1,1.0,1,43.6469441,-79.3923973,2250.0,M5V,Downtown Toronto,0.0855901881622868,1
165,1,1.0,1,43.6469441,-79.3923973,2250.0,M5V,Downtown Toronto,0.0855901881622868,1
166,1,1.0,0,43.63859229999999,-79.40099479999998,1900.0,M5V,Downtown Toronto,0.19088671388953135,1
167,1,1.0,0,43.6385213,-79.39946379999998,2450.0,M5V,Downtown Toronto,0.1816278228043028,1
168,1,1.0,1,43.6465174,-79.3872066,3600.0,M5V,Downtown Toronto,0.06148889096008496,1
169,1,1.0,0,43.6490235,-79.3884001,2200.0,M5V,Downtown Toronto,0.04775109580051075,1
170,1,1.0,0,43.6364097,-79.40200340000001,1800.0,M5V,Downtown Toronto,0.21054471386095341,1
171,1,1.0,0,43.6418699,-79.38984570000002,1350.0,M5V,Downtown Toronto,0.10820201567366348,1
172,1,1.0,0,43.6462197,-79.3981256,2175.0,M5V,Downtown Toronto,0.13078670180178428,1
173,2,2.0,0,43.6490235,-79.3884001,4500.0,M5V,Downtown Toronto,0.04775109580051075,1
174,1,1.0,0,43.6494054,-79.3927116,2000.0,M5V,Downtown Toronto,0.07558216146390198,1
175,1,1.0,0,43.653226,-79.3831843,2175.0,M5V,Downtown Toronto,0.003084480358996262,1
176,1,1.0,0,43.6409222,-79.39398299999998,1900.0,M5V,Downtown Toronto,0.13410193135599108,1
177,1,1.5,1,43.6375098,-79.39777740000002,2400.0,M5V,Downtown Toronto,0.17830819192348013,1
178,1,1.0,1,43.6476273,-79.39040809999999,2600.0,M5V,Downtown Toronto,0.0687141759505223,1
179,1,1.0,0,43.64187379999999,-79.4103246,2100.0,M5V,Downtown Toronto,0.2437972050453478,1
180,1,1.0,0,43.6489727,-79.3872946,2200.0,M5V,Downtown Toronto,0.04242862449108016,1
181,3,3.0,0,43.6425685,-79.39345959999999,4900.0,M5V,Downtown Toronto,0.11984479782646078,1
182,1,1.0,0,43.6468075,-79.40279790000002,2150.0,M5V,Downtown Toronto,0.1659107568887736,1
183,2,1.0,0,43.6289467,-79.3944199,3200.0,M5V,Downtown Toronto,0.22848657683904164,1
184,1,1.0,1,43.6402671,-79.3910061,2500.0,M5V,Downtown Toronto,0.12531466103792363,1
185,1,1.0,0,43.6455947,-79.38606300000002,2000.0,M5V,Downtown Toronto,0.06637274892007385,1
186,1,1.0,0,43.6464336,-79.39780640000002,2500.0,M5V,Downtown Toronto,0.1274201943428007,1
187,1,1.0,1,43.6408637,-79.39573929999997,2350.0,M5V,Downtown Toronto,0.14422745075091292,1
188,1,1.0,0,43.6384219,-79.39759559999997,2000.0,M5V,Downtown Toronto,0.17114009202761693,1
189,2,2.0,0,43.6476244,-79.3968608,2850.0,M5V,Downtown Toronto,0.11518400146443727,1
190,1,1.0,0,43.645641,-79.39295340000002,2400.0,M5V,Downtown Toronto,0.09690979492416021,1
191,1,1.5,1,43.6381439,-79.39751,2400.0,M5V,Downtown Toronto,0.17251677097368726,1
192,1,1.0,0,43.6465801,-79.3998612,1199.0,M5V,Downtown Toronto,0.14292881327974366,1
193,2,2.0,0,43.6375235,-79.40087700000002,3100.0,M5V,Downtown Toronto,0.19661661714437687,1
194,2,2.0,0,43.6476244,-79.3968608,3000.0,M5V,Downtown Toronto,0.11518400146443727,1
195,1,1.0,0,43.6606054,-79.37863540000002,1950.0,M5B,Downtown Toronto,0.0687251904720223,1
196,1,1.0,0,43.6606054,-79.37863540000002,1950.0,M5B,Downtown Toronto,0.0687251904720223,1
197,1,1.0,0,43.6606054,-79.37863540000002,1950.0,M5B,Downtown Toronto,0.0687251904720223,1
198,1,1.0,0,43.6606054,-79.37863540000002,1950.0,M5B,Downtown Toronto,0.0687251904720223,1
199,2,2.0,0,43.6548421,-79.37920150000002,3099.0,M5B,Downtown Toronto,0.03715379928037414,1
200,1,1.0,0,43.660846,-79.3787556,2250.0,M5B,Downtown Toronto,0.06968947332027019,1
201,2,2.0,0,43.6606054,-79.37863540000002,2800.0,M5B,Downtown Toronto,0.0687251904720223,1
202,1,1.0,0,43.6606054,-79.37863540000002,2000.0,M5B,Downtown Toronto,0.0687251904720223,1
203,1,1.0,0,43.6606054,-79.37863540000002,1950.0,M5B,Downtown Toronto,0.0687251904720223,1
204,2,2.0,0,43.6548421,-79.37920150000002,3099.0,M5B,Downtown Toronto,0.03715379928037414,1
205,1,1.0,0,43.660846,-79.3787556,2250.0,M5B,Downtown Toronto,0.06968947332027019,1
206,2,2.0,0,43.6606054,-79.37863540000002,2800.0,M5B,Downtown Toronto,0.0687251904720223,1
207,1,1.0,0,43.6606054,-79.37863540000002,2000.0,M5B,Downtown Toronto,0.0687251904720223,1
208,1,1.0,0,43.6606054,-79.37863540000002,1950.0,M5B,Downtown Toronto,0.0687251904720223,1
209,1,1.0,0,43.660269,-79.38280019999998,2450.0,M5B,Downtown Toronto,0.049088237139024896,1
210,2,2.0,0,43.660269,-79.38280019999998,3450.0,M5B,Downtown Toronto,0.049088237139024896,1
211,2,2.0,0,43.65673320000001,-79.37515400000002,2900.0,M5B,Downtown Toronto,0.07574632130015733,1
212,1,1.0,0,43.6606054,-79.37863540000002,1850.0,M5B,Downtown Toronto,0.0687251904720223,1
213,1,1.0,0,43.6606054,-79.37863540000002,1950.0,M5B,Downtown Toronto,0.0687251904720223,1
214,1,1.0,0,43.6606054,-79.37863540000002,1950.0,M5B,Downtown Toronto,0.0687251904720223,1
215,2,2.0,0,43.6548421,-79.37920150000002,3099.0,M5B,Downtown Toronto,0.03715379928037414,1
216,1,1.0,0,43.660846,-79.3787556,2250.0,M5B,Downtown Toronto,0.06968947332027019,1
217,2,2.0,0,43.6606054,-79.37863540000002,2800.0,M5B,Downtown Toronto,0.0687251904720223,1
218,1,1.0,0,43.6606054,-79.37863540000002,2000.0,M5B,Downtown Toronto,0.0687251904720223,1
219,2,2.0,0,43.65673320000001,-79.37515400000002,2900.0,M5B,Downtown Toronto,0.07574632130015733,1
220,1,1.0,0,43.6606054,-79.37863540000002,1850.0,M5B,Downtown Toronto,0.0687251904720223,1
221,1,1.0,0,43.6606054,-79.37863540000002,1950.0,M5B,Downtown Toronto,0.0687251904720223,1
222,1,1.5,1,43.6606054,-79.37863540000002,2300.0,M5B,Downtown Toronto,0.0687251904720223,1
223,1,1.0,0,43.660846,-79.3787556,1850.0,M5B,Downtown Toronto,0.06968947332027019,1
224,2,2.0,0,43.661198,-79.3816644,2800.0,M5B,Downtown Toronto,0.059776512303698445,1
225,1,1.0,0,43.661198,-79.3816644,2000.0,M5B,Downtown Toronto,0.059776512303698445,1
226,1,1.0,0,43.6598307,-79.3805207,2300.0,M5B,Downtown Toronto,0.053380674981008,1
227,1,1.0,0,43.6621286,-79.37695759999998,1305.0,M5B,Downtown Toronto,0.08851150369743012,1
228,1,1.0,0,43.6606054,-79.37863540000002,1950.0,M5B,Downtown Toronto,0.0687251904720223,1
229,2,2.0,0,43.6619074,-79.3782085,4000.0,M5B,Downtown Toronto,0.08000828001595091,1
230,1,1.0,0,43.6604566,-79.37849720000001,2000.0,M5B,Downtown Toronto,0.06853031104289835,1
231,3,2.0,0,43.6606054,-79.37863540000002,3200.0,M5B,Downtown Toronto,0.0687251904720223,1
232,2,1.0,0,43.66053970000001,-79.37866170000002,2800.0,M5B,Downtown Toronto,0.0681349268848287,1
233,2,1.0,0,43.6578373,-79.38060870000002,1200.0,M5B,Downtown Toronto,0.038999680344214235,1
234,1,1.0,0,43.6543938,-79.3759018,1930.0,M5B,Downtown Toronto,0.0655428414188352,1
235,1,1.0,0,43.6598307,-79.3805207,1700.0,M5B,Downtown Toronto,0.053380674981008,1
236,2,2.0,0,43.655111,-79.3756429,2990.0,M5B,Downtown Toronto,0.06842767827441668,1
237,1,1.0,0,43.6606054,-79.37863540000002,2250.0,M5B,Downtown Toronto,0.0687251904720223,1
238,1,1.0,0,43.6576911,-79.3801612,1800.0,M5B,Downtown Toronto,0.04089616789257239,1
239,3,1.0,0,43.6606054,-79.37863540000002,3200.0,M5B,Downtown Toronto,0.0687251904720223,1
240,2,1.0,0,43.66053970000001,-79.37866170000002,2700.0,M5B,Downtown Toronto,0.0681349268848287,1
241,1,1.0,0,43.659534,-79.3773535,2000.0,M5B,Downtown Toronto,0.07018802995694334,1
242,1,1.0,0,43.65470379999999,-79.3789125,1980.0,M5B,Downtown Toronto,0.03946232452698928,1
243,1,1.0,0,43.6578373,-79.38060870000002,800.0,M5B,Downtown Toronto,0.038999680344214235,1
244,1,1.0,0,43.6546239,-79.3790756,2250.0,M5B,Downtown Toronto,0.0379434516479079,1
245,1,1.0,0,43.6546239,-79.3790756,2250.0,M5B,Downtown Toronto,0.0379434516479079,1
246,1,1.0,0,43.6544596,-79.37581379999997,1700.0,M5B,Downtown Toronto,0.06635062806925797,1
247,1,1.0,0,43.660846,-79.3787556,1800.0,M5B,Downtown Toronto,0.06968947332027019,1
248,3,2.0,0,43.6616535,-79.37755820000002,3999.0,M5B,Downtown Toronto,0.08188618298285193,1
249,2,2.0,0,43.6611027,-79.3821061,2800.0,M5B,Downtown Toronto,0.05775682878611986,1
250,1,1.5,1,43.66053970000001,-79.37866170000002,2300.0,M5B,Downtown Toronto,0.0681349268848287,1
251,1,1.0,0,43.6547069,-79.379245,1650.0,M5B,Downtown Toronto,0.036576563466958645,1
252,2,1.0,0,43.653636,-79.38087259999998,2200.0,M5B,Downtown Toronto,0.0218084062654278,1
253,2,2.0,0,43.6410868,-79.3814048,2900.0,M5J,Downtown Toronto,0.10719503344976569,1
254,1,1.0,1,43.6408157,-79.38175229999997,2350.0,M5J,Downtown Toronto,0.10890133776018901,1
255,1,1.0,1,43.6418726,-79.3819064,2400.0,M5J,Downtown Toronto,0.09952149309435598,1
256,2,2.0,0,43.6423144,-79.3812291,3100.0,M5J,Downtown Toronto,0.0970760839322951,1
257,1,1.0,0,43.6410868,-79.3814048,2200.0,M5J,Downtown Toronto,0.10719503344976569,1
258,1,1.0,0,43.6410868,-79.3814048,2200.0,M5J,Downtown Toronto,0.10719503344976569,1
259,2,2.0,0,43.6410868,-79.3814048,2900.0,M5J,Downtown Toronto,0.10719503344976569,1
260,2,2.0,0,43.6410868,-79.3814048,2900.0,M5J,Downtown Toronto,0.10719503344976569,1
261,2,2.0,0,43.6410868,-79.3814048,2900.0,M5J,Downtown Toronto,0.10719503344976569,1
262,1,1.0,0,43.6418064,-79.3789807,1830.0,M5J,Downtown Toronto,0.10784362444687916,1
263,1,1.0,1,43.6426791,-79.3769938,2275.0,M5J,Downtown Toronto,0.10939575739747211,1
264,1,1.0,0,43.6419081,-79.38177979999998,2000.0,M5J,Downtown Toronto,0.09943799879540535,1
265,2,2.0,0,43.6410868,-79.3814048,2900.0,M5J,Downtown Toronto,0.10719503344976569,1
266,1,1.0,0,43.6410868,-79.3814048,2200.0,M5J,Downtown Toronto,0.10719503344976569,1
267,2,1.0,0,43.6408157,-79.38175229999997,1500.0,M5J,Downtown Toronto,0.10890133776018901,1
268,1,1.0,0,43.6410868,-79.3814048,2200.0,M5J,Downtown Toronto,0.10719503344976569,1
269,1,1.0,1,43.6418726,-79.3819064,2400.0,M5J,Downtown Toronto,0.09952149309435598,1
270,1,1.0,0,43.6410868,-79.3814048,2200.0,M5J,Downtown Toronto,0.10719503344976569,1
271,2,2.0,0,43.6410868,-79.3814048,2900.0,M5J,Downtown Toronto,0.10719503344976569,1
272,2,2.0,0,43.6410868,-79.3814048,2900.0,M5J,Downtown Toronto,0.10719503344976569,1
273,1,1.0,0,43.6418064,-79.3789807,1830.0,M5J,Downtown Toronto,0.10784362444687916,1
274,1,1.0,1,43.6426791,-79.3769938,2275.0,M5J,Downtown Toronto,0.10939575739747211,1
275,1,1.0,0,43.6419081,-79.38177979999998,2000.0,M5J,Downtown Toronto,0.09943799879540535,1
276,1,1.0,0,43.6410868,-79.3814048,2200.0,M5J,Downtown Toronto,0.10719503344976569,1
277,2,1.0,0,43.6408157,-79.38175229999997,1500.0,M5J,Downtown Toronto,0.10890133776018901,1
278,1,1.0,1,43.6418726,-79.3819064,2400.0,M5J,Downtown Toronto,0.09952149309435598,1
279,1,1.0,0,43.64005770000001,-79.379201,2800.0,M5J,Downtown Toronto,0.12138778414578626,1
280,2,2.0,0,43.6421671,-79.3819283,2800.0,M5J,Downtown Toronto,0.09694457003930304,1
281,1,1.0,0,43.6418064,-79.3789807,1830.0,M5J,Downtown Toronto,0.10784362444687916,1
282,1,1.0,1,43.6426791,-79.3769938,2275.0,M5J,Downtown Toronto,0.10939575739747211,1
283,1,1.0,0,43.6419081,-79.38177979999998,2000.0,M5J,Downtown Toronto,0.09943799879540535,1
284,2,1.0,0,43.6408157,-79.38175229999997,1500.0,M5J,Downtown Toronto,0.10890133776018901,1
285,1,1.0,0,43.6410868,-79.3814048,2200.0,M5J,Downtown Toronto,0.10719503344976569,1
286,1,1.0,1,43.6418726,-79.3819064,2400.0,M5J,Downtown Toronto,0.09952149309435598,1
287,2,2.0,0,43.6410868,-79.3814048,2900.0,M5J,Downtown Toronto,0.10719503344976569,1
288,1,1.0,0,43.64005770000001,-79.379201,2800.0,M5J,Downtown Toronto,0.12138778414578626,1
289,2,2.0,0,43.6456126,-79.38258540000002,3200.0,M5J,Downtown Toronto,0.06610626408632073,1
290,1,1.0,1,43.6418891,-79.3837936,2400.0,M5J,Downtown Toronto,0.09740709531752746,1
291,1,1.0,0,43.6417851,-79.3790058,2600.0,M5J,Downtown Toronto,0.10792673299173203,1
292,2,1.0,0,43.6416068,-79.3822802,1180.0,M5J,Downtown Toronto,0.10123636724332384,1
293,1,1.0,0,43.6415846,-79.3826205,2650.0,M5J,Downtown Toronto,0.10098657206361743,1
294,2,2.0,0,43.6410868,-79.3814048,2900.0,M5J,Downtown Toronto,0.10719503344976569,1
295,1,1.0,0,43.6410868,-79.3814048,2200.0,M5J,Downtown Toronto,0.10719503344976569,1
296,1,1.0,0,43.6419081,-79.38177979999998,2050.0,M5J,Downtown Toronto,0.09943799879540535,1
297,1,1.0,1,43.6406456,-79.380939,1830.0,M5J,Downtown Toronto,0.11192056876916148,1
298,1,1.0,0,43.64254620000001,-79.37726550000002,1600.0,M5J,Downtown Toronto,0.1091031607155085,1
299,1,1.0,0,43.6418726,-79.3819064,2450.0,M5J,Downtown Toronto,0.09952149309435598,1
300,1,1.0,0,43.64313660000001,-79.3805285,2200.0,M5J,Downtown Toronto,0.09196461947707865,1
301,2,2.0,0,43.642282,-79.38282650000002,3150.0,M5J,Downtown Toronto,0.09467135722542845,1
302,1,1.0,0,43.6426791,-79.3769938,1900.0,M5J,Downtown Toronto,0.10939575739747211,1
303,1,1.0,0,43.6418064,-79.3789807,2500.0,M5J,Downtown Toronto,0.10784362444687916,1
304,1,1.0,0,43.6397444,-79.3837757,2300.0,M5J,Downtown Toronto,0.11625625027987149,1
305,3,2.0,0,43.6415283,-79.3833016,4200.0,M5J,Downtown Toronto,0.10083672762166544,1
306,2,2.0,0,43.6421671,-79.3819283,2800.0,M5J,Downtown Toronto,0.09694457003930304,1
307,1,1.0,0,43.6418726,-79.3819064,2100.0,M5J,Downtown Toronto,0.09952149309435598,1
308,1,1.0,1,43.6415846,-79.3826205,2350.0,M5J,Downtown Toronto,0.10098657206361743,1
309,1,1.0,0,43.6418064,-79.3789807,2550.0,M5J,Downtown Toronto,0.10784362444687916,1
310,2,2.0,0,43.6415846,-79.3826205,3100.0,M5J,Downtown Toronto,0.10098657206361743,1
311,3,2.0,0,43.6419081,-79.38177979999998,3800.0,M5J,Downtown Toronto,0.09943799879540535,1
312,1,1.0,0,43.64002470000001,-79.3812245,2200.0,M5J,Downtown Toronto,0.11665468018624993,1
313,2,2.0,0,43.6406456,-79.380939,3200.0,M5J,Downtown Toronto,0.11192056876916148,1
314,1,1.0,1,43.6418726,-79.3819064,2300.0,M5J,Downtown Toronto,0.09952149309435598,1
315,2,2.0,0,43.6418064,-79.3789807,2950.0,M5J,Downtown Toronto,0.10784362444687916,1
316,1,1.0,0,43.6410868,-79.3814048,2150.0,M5J,Downtown Toronto,0.10719503344976569,1
317,1,1.0,1,43.6418064,-79.3789807,2600.0,M5J,Downtown Toronto,0.10784362444687916,1
318,1,1.0,0,43.6417851,-79.3790058,2300.0,M5J,Downtown Toronto,0.10792673299173203,1
319,1,1.0,0,43.6417851,-79.3790058,2550.0,M5J,Downtown Toronto,0.10792673299173203,1
320,1,1.0,0,43.6428849,-79.3806168,2300.0,M5J,Downtown Toronto,0.09380811330008314,1
321,2,2.0,0,43.642282,-79.38282650000002,3000.0,M5J,Downtown Toronto,0.09467135722542845,1
322,1,1.0,0,43.6455289,-79.3837757,1500.0,M5J,Downtown Toronto,0.06545317875598827,1
323,1,1.0,0,43.6419081,-79.38177979999998,2050.0,M5J,Downtown Toronto,0.09943799879540535,1
324,1,1.0,0,43.6418726,-79.3819064,3300.0,M5J,Downtown Toronto,0.09952149309435598,1
325,1,1.0,0,43.6418726,-79.3819064,3300.0,M5J,Downtown Toronto,0.09952149309435598,1
326,2,1.0,0,43.6419081,-79.38177979999998,2600.0,M5J,Downtown Toronto,0.09943799879540535,1
327,3,2.0,0,43.6419081,-79.38177979999998,4900.0,M5J,Downtown Toronto,0.09943799879540535,1
328,1,1.0,0,43.6415283,-79.3833016,2400.0,M5J,Downtown Toronto,0.10083672762166544,1
329,2,1.0,0,43.6417851,-79.3790058,2600.0,M5J,Downtown Toronto,0.10792673299173203,1
330,1,1.0,1,43.6417851,-79.3790058,2600.0,M5J,Downtown Toronto,0.10792673299173203,1
331,1,1.0,1,43.6410868,-79.3814048,2450.0,M5J,Downtown Toronto,0.10719503344976569,1
332,1,1.0,0,43.6397558,-79.3772708,2400.0,M5J,Downtown Toronto,0.13054906273827757,1
333,2,2.0,0,43.6410868,-79.3814048,3150.0,M5J,Downtown Toronto,0.10719503344976569,1
334,1,1.0,0,43.6418064,-79.3789807,2300.0,M5J,Downtown Toronto,0.10784362444687916,1
335,1,1.0,0,43.6418064,-79.3789807,1800.0,M5J,Downtown Toronto,0.10784362444687916,1
336,1,1.0,0,43.6465162,-79.3800596,1000.0,M5J,Downtown Toronto,0.06653628629983716,1
337,1,1.0,0,43.6428849,-79.3806168,2300.0,M5J,Downtown Toronto,0.09380811330008314,1
338,1,1.0,0,43.6406456,-79.380939,4000.0,M5J,Downtown Toronto,0.11192056876916148,1
339,2,1.5,0,43.6418726,-79.3819064,3200.0,M5J,Downtown Toronto,0.09952149309435598,1
340,1,1.0,0,43.6524873,-79.3896218,1800.0,M5T,Downtown Toronto,0.040129687659221314,1
341,1,1.0,0,43.6524873,-79.3896218,1800.0,M5T,Downtown Toronto,0.040129687659221314,1
342,1,1.0,0,43.6524873,-79.3896218,1800.0,M5T,Downtown Toronto,0.040129687659221314,1
343,1,1.0,0,43.6524873,-79.3896218,1800.0,M5T,Downtown Toronto,0.040129687659221314,1
344,1,1.0,0,43.6524873,-79.3896218,1800.0,M5T,Downtown Toronto,0.040129687659221314,1
345,1,1.0,0,43.6520426,-79.4022416,1300.0,M5T,Downtown Toronto,0.1503029076508213,1
346,1,1.0,0,43.6524873,-79.3896218,1800.0,M5T,Downtown Toronto,0.040129687659221314,1
347,1,1.0,0,43.6520426,-79.4022416,1300.0,M5T,Downtown Toronto,0.1503029076508213,1
348,1,1.0,0,43.65475770000001,-79.4008271,1750.0,M5T,Downtown Toronto,0.13720771927954695,1
349,1,1.0,0,43.6531643,-79.3900311,2480.0,M5T,Downtown Toronto,0.04251386357971912,1
350,1,1.0,0,43.6520426,-79.4022416,1300.0,M5T,Downtown Toronto,0.1503029076508213,1
351,1,1.0,0,43.6524873,-79.3896218,1800.0,M5T,Downtown Toronto,0.040129687659221314,1
352,1,1.0,0,43.65475770000001,-79.4008271,1750.0,M5T,Downtown Toronto,0.13720771927954695,1
353,1,1.0,0,43.6531643,-79.3900311,2099.0,M5T,Downtown Toronto,0.04251386357971912,1
354,1,1.0,0,43.6531643,-79.3900311,2480.0,M5T,Downtown Toronto,0.04251386357971912,1
355,1,1.0,1,43.6524331,-79.3888604,2400.0,M5T,Downtown Toronto,0.03384038793659774,1
356,1,1.0,1,43.6524331,-79.3888604,2545.0,M5T,Downtown Toronto,0.03384038793659774,1
357,1,1.0,0,43.6515793,-79.39008000000003,3750.0,M5T,Downtown Toronto,0.04648695203847528,1
358,1,1.0,0,43.6515793,-79.39008000000003,2500.0,M5T,Downtown Toronto,0.04648695203847528,1
359,1,1.0,0,43.651955,-79.38964770000003,2000.0,M5T,Downtown Toronto,0.04175458501917591,1
360,1,1.0,0,43.6569138,-79.3945078,1200.0,M5T,Downtown Toronto,0.08526103944201321,1
361,1,1.0,0,43.6544346,-79.3905934,2400.0,M5T,Downtown Toronto,0.04722907032661075,1
362,1,1.0,0,43.6575473,-79.40146429999999,2050.0,M5T,Downtown Toronto,0.14597212510257146,1
363,1,1.0,0,43.6554292,-79.4040073,1050.0,M5T,Downtown Toronto,0.1654930972402792,1
364,2,1.0,0,43.6525195,-79.3890778,3700.0,M5T,Downtown Toronto,0.03544555004288062,1
365,1,1.0,0,43.6554292,-79.4040073,1050.0,M5T,Downtown Toronto,0.1654930972402792,1
366,1,1.0,0,43.6348903,-79.4346541,1729.0,M6K,West Toronto,0.46496061751351336,3
367,2,1.0,0,43.6371527,-79.4270923,2230.0,M6K,West Toronto,0.39576255230074603,3
368,1,1.0,0,43.6371527,-79.4270923,1475.0,M6K,West Toronto,0.39576255230074603,3
369,1,1.0,0,43.6371527,-79.4270923,1755.0,M6K,West Toronto,0.39576255230074603,3
370,2,1.0,0,43.6488578,-79.4330072,1300.0,M6K,West Toronto,0.42225543381194863,3
371,2,1.0,0,43.6403508,-79.42752159999998,2574.0,M6K,West Toronto,0.3899812118362307,3
372,2,1.0,0,43.6403508,-79.42752159999998,2591.0,M6K,West Toronto,0.3899812118362307,3
373,1,1.0,0,43.64084550000001,-79.4143193,2180.0,M6K,West Toronto,0.27954678414333256,3
374,2,1.0,0,43.6371527,-79.4270923,2230.0,M6K,West Toronto,0.39576255230074603,3
375,1,1.0,0,43.6371527,-79.4270923,1475.0,M6K,West Toronto,0.39576255230074603,3
376,1,1.0,0,43.6371527,-79.4270923,1755.0,M6K,West Toronto,0.39576255230074603,3
377,2,1.0,0,43.6488578,-79.4330072,1300.0,M6K,West Toronto,0.42225543381194863,3
378,2,1.0,0,43.6403508,-79.42752159999998,2574.0,M6K,West Toronto,0.3899812118362307,3
379,2,1.0,0,43.6403508,-79.42752159999998,2591.0,M6K,West Toronto,0.3899812118362307,3
380,1,1.0,0,43.64084550000001,-79.4143193,2180.0,M6K,West Toronto,0.27954678414333256,3
381,1,1.0,0,43.6387003,-79.4121833,2200.0,M6K,West Toronto,0.27095148092779386,3
382,2,1.0,0,43.6488578,-79.4330072,1300.0,M6K,West Toronto,0.42225543381194863,3
383,2,1.0,0,43.6403508,-79.42752159999998,2574.0,M6K,West Toronto,0.3899812118362307,3
384,2,1.0,0,43.6403508,-79.42752159999998,2591.0,M6K,West Toronto,0.3899812118362307,3
385,1,1.0,0,43.64084550000001,-79.4143193,2180.0,M6K,West Toronto,0.27954678414333256,3
386,1,1.0,0,43.6387003,-79.4121833,2200.0,M6K,West Toronto,0.27095148092779386,3
387,1,1.0,0,43.63982539999999,-79.4122306,2250.0,M6K,West Toronto,0.266724339028801,3
388,1,1.0,1,43.64027720000001,-79.4241261,2200.0,M6K,West Toronto,0.3618111916981189,3
389,2,1.0,0,43.6343542,-79.4352696,1779.0,M6K,West Toronto,0.4716951805254496,3
390,1,1.0,0,43.63828839999999,-79.4360532,1929.0,M6K,West Toronto,0.46701226393814466,3
391,2,2.0,0,43.6356261,-79.4268735,2800.0,M6K,West Toronto,0.3990781932037774,3
392,1,1.0,1,43.64027720000001,-79.4241261,2200.0,M6K,West Toronto,0.3618111916981189,3
393,1,1.0,0,43.6398173,-79.43737970000002,1849.0,M6K,West Toronto,0.474567655043666,3
394,1,1.0,0,43.6391261,-79.41922209999998,1900.0,M6K,West Toronto,0.3251236291028393,3
395,1,1.0,0,43.6383068,-79.4147858,2100.0,M6K,West Toronto,0.2928019155346458,3
396,2,1.0,0,43.6474943,-79.43599499999998,2750.0,M6K,West Toronto,0.4497146150645289,3
397,1,1.0,0,43.6398173,-79.43737970000002,1449.0,M6K,West Toronto,0.474567655043666,3
398,2,2.0,0,43.6367119,-79.4206384,2000.0,M6K,West Toronto,0.34517017929527577,3
399,3,1.0,0,43.6403508,-79.42752159999998,2707.0,M6K,West Toronto,0.3899812118362307,3
400,2,1.0,0,43.6383993,-79.41444820000002,2699.0,M6K,West Toronto,0.2897895676752019,3
401,2,2.0,0,43.6365382,-79.41931,2000.0,M6K,West Toronto,0.33532459783718827,3
402,1,1.0,0,43.6359631,-79.43574890000002,1595.0,M6K,West Toronto,0.47078962093307886,3
403,1,1.0,1,43.641579,-79.4159028,2350.0,M6K,West Toronto,0.28996166733422446,3
404,2,2.0,0,43.6374534,-79.41838659999998,2500.0,M6K,West Toronto,0.3244948997560196,3
405,1,1.0,0,43.6387639,-79.4162418,2200.0,M6K,West Toronto,0.3025105658750713,3
406,1,1.0,0,43.6396381,-79.41310370000002,1700.0,M6K,West Toronto,0.27432766837395606,3
407,1,1.0,0,43.6684679,-79.37483359999997,1750.0,M4X,Downtown Toronto,0.1443032746053573,1
408,2,1.0,0,43.6684679,-79.37483359999997,2000.0,M4X,Downtown Toronto,0.1443032746053573,1
409,1,1.0,0,43.66405570000001,-79.3737903,1785.0,M4X,Downtown Toronto,0.12004715918483973,1
410,1,1.0,0,43.66405570000001,-79.3737903,1535.0,M4X,Downtown Toronto,0.12004715918483973,1
411,1,1.0,0,43.6701586,-79.3756379,1700.0,M4X,Downtown Toronto,0.1535251946594932,1
412,1,1.0,0,43.6684679,-79.37483359999997,1400.0,M4X,Downtown Toronto,0.1443032746053573,1
413,1,1.0,0,43.6684679,-79.37483359999997,1700.0,M4X,Downtown Toronto,0.1443032746053573,1
414,1,1.0,0,43.66405570000001,-79.3737903,1785.0,M4X,Downtown Toronto,0.12004715918483973,1
415,1,1.0,0,43.66405570000001,-79.3737903,1535.0,M4X,Downtown Toronto,0.12004715918483973,1
416,1,1.0,0,43.6701586,-79.3756379,1700.0,M4X,Downtown Toronto,0.1535251946594932,1
417,1,1.0,0,43.6684679,-79.37483359999997,1400.0,M4X,Downtown Toronto,0.1443032746053573,1
418,1,1.0,0,43.6684679,-79.37483359999997,1700.0,M4X,Downtown Toronto,0.1443032746053573,1
419,2,2.0,0,43.66914570000001,-79.3759018,2000.0,M4X,Downtown Toronto,0.14458881816568023,1
420,1,1.0,0,43.66914570000001,-79.3759018,1650.0,M4X,Downtown Toronto,0.14458881816568023,1
421,1,1.0,0,43.66914570000001,-79.3759018,1550.0,M4X,Downtown Toronto,0.14458881816568023,1
422,1,1.0,0,43.6701586,-79.3756379,1700.0,M4X,Downtown Toronto,0.1535251946594932,1
423,1,1.0,0,43.6684679,-79.37483359999997,1400.0,M4X,Downtown Toronto,0.1443032746053573,1
424,1,1.0,0,43.6684679,-79.37483359999997,1700.0,M4X,Downtown Toronto,0.1443032746053573,1
425,1,1.0,0,43.6679021,-79.3756819,2600.0,M4X,Downtown Toronto,0.13611153906402115,1
426,1,1.0,0,43.6701586,-79.3756379,1450.0,M4X,Downtown Toronto,0.1535251946594932,1
427,3,3.0,0,43.6715933,-79.37508340000002,4500.0,M4X,Downtown Toronto,0.1669585493627164,1
428,1,1.0,0,43.6658208,-79.36988079999998,2100.0,M4X,Downtown Toronto,0.15604461196039557,1
429,1,1.0,0,43.6720333,-79.370728,2800.0,M4X,Downtown Toronto,0.19069551855648254,1
430,1,1.0,0,43.6699315,-79.3754627,2150.0,M4X,Downtown Toronto,0.1525033562356385,1
431,1,1.0,0,43.66472329999999,-79.38408359999998,2200.0,M4Y,Downtown Toronto,0.08675105959799165,1
432,1,1.0,0,43.670878,-79.3766958,1950.0,M4Y,Downtown Toronto,0.1551184783263256,1
433,1,1.0,0,43.6645808,-79.38229559999998,1815.0,M4Y,Downtown Toronto,0.08710952929107181,1
434,1,1.0,0,43.6655881,-79.383028,2000.0,M4Y,Downtown Toronto,0.09493755572374547,1
435,2,2.0,0,43.6655881,-79.383028,3700.0,M4Y,Downtown Toronto,0.09493755572374547,1
436,1,1.0,0,43.6695496,-79.3837757,2000.0,M4Y,Downtown Toronto,0.12924374691254145,1
437,2,2.0,0,43.6667515,-79.37623549999998,4100.0,M4Y,Downtown Toronto,0.12494950617350005,1
438,1,1.0,0,43.66945070000001,-79.38747049999998,2550.0,M4Y,Downtown Toronto,0.13112554442287727,1
439,1,1.0,0,43.670878,-79.3766958,1950.0,M4Y,Downtown Toronto,0.1551184783263256,1
440,1,1.0,0,43.6645808,-79.38229559999998,1815.0,M4Y,Downtown Toronto,0.08710952929107181,1
441,1,1.0,0,43.6655881,-79.383028,2000.0,M4Y,Downtown Toronto,0.09493755572374547,1
442,2,2.0,0,43.6655881,-79.383028,3700.0,M4Y,Downtown Toronto,0.09493755572374547,1
443,1,1.0,0,43.6695496,-79.3837757,2000.0,M4Y,Downtown Toronto,0.12924374691254145,1
444,2,2.0,0,43.6667515,-79.37623549999998,4100.0,M4Y,Downtown Toronto,0.12494950617350005,1
445,1,1.0,0,43.66945070000001,-79.38747049999998,2550.0,M4Y,Downtown Toronto,0.13112554442287727,1
446,2,2.0,0,43.6695928,-79.3805797,3575.0,M4Y,Downtown Toronto,0.13336048036878967,1
447,1,1.0,0,43.6660964,-79.3873217,2400.0,M4Y,Downtown Toronto,0.1020653200950871,1
448,1,1.0,1,43.6618956,-79.3857479,2500.0,M4Y,Downtown Toronto,0.06302615474875649,1
449,1,1.0,0,43.6655881,-79.383028,2000.0,M4Y,Downtown Toronto,0.09493755572374547,1
450,2,2.0,0,43.6655881,-79.383028,3700.0,M4Y,Downtown Toronto,0.09493755572374547,1
451,1,1.0,0,43.66484370000001,-79.3859297,2500.0,M4Y,Downtown Toronto,0.08886279085390152,1
452,1,1.0,0,43.6695496,-79.3837757,2000.0,M4Y,Downtown Toronto,0.12924374691254145,1
453,1,1.0,0,43.66945070000001,-79.38747049999998,2550.0,M4Y,Downtown Toronto,0.13112554442287727,1
454,2,2.0,0,43.6652335,-79.3842932,3300.0,M4Y,Downtown Toronto,0.09121917902899301,1
455,2,2.0,0,43.6695928,-79.3805797,3575.0,M4Y,Downtown Toronto,0.13336048036878967,1
456,1,1.0,0,43.6660964,-79.3873217,2400.0,M4Y,Downtown Toronto,0.1020653200950871,1
457,1,1.0,1,43.6618956,-79.3857479,2500.0,M4Y,Downtown Toronto,0.06302615474875649,1
458,2,1.0,0,43.6644404,-79.37498190000002,2100.0,M4Y,Downtown Toronto,0.11524493703421153,1
459,1,1.0,0,43.6676701,-79.389445,2410.0,M4Y,Downtown Toronto,0.12084420664128072,1
460,2,1.0,0,43.6676701,-79.389445,2915.0,M4Y,Downtown Toronto,0.12084420664128072,1
461,1,1.0,0,43.6676701,-79.389445,2035.0,M4Y,Downtown Toronto,0.12084420664128072,1
462,2,2.0,0,43.6652335,-79.3842932,3300.0,M4Y,Downtown Toronto,0.09121917902899301,1
463,1,1.0,0,43.6683764,-79.3806431,1750.0,M4Y,Downtown Toronto,0.12283859894141648,1
464,2,2.0,0,43.6651058,-79.37690090000002,3200.0,M4Y,Downtown Toronto,0.10961461601096009,1
465,1,1.0,0,43.6665599,-79.3791219,1795.0,M4Y,Downtown Toronto,0.11181456113854225,1
466,1,1.0,0,43.66484370000001,-79.3859297,2500.0,M4Y,Downtown Toronto,0.08886279085390152,1
467,1,1.0,0,43.6673847,-79.3826756,1568.0,M4Y,Downtown Toronto,0.11098395189729288,1
468,1,1.0,0,43.6616824,-79.3833791,2200.0,M4Y,Downtown Toronto,0.06046675180542918,1
469,1,1.0,0,43.6691531,-79.3873723,2050.0,M4Y,Downtown Toronto,0.12838935588079498,1
470,1,1.0,0,43.6687998,-79.3759678,1600.0,M4Y,Downtown Toronto,0.14164786394595041,1
471,1,1.0,0,43.66703,-79.37638620000001,2300.0,M4Y,Downtown Toronto,0.12634144787542842,1
472,1,1.0,0,43.6692283,-79.37994880000002,1480.0,M4Y,Downtown Toronto,0.1316542922073067,1
473,1,1.0,0,43.6655881,-79.383028,2100.0,M4Y,Downtown Toronto,0.09493755572374547,1
474,1,1.0,0,43.6655881,-79.383028,2100.0,M4Y,Downtown Toronto,0.09493755572374547,1
475,1,1.0,0,43.6676141,-79.38645890000002,2500.0,M4Y,Downtown Toronto,0.11364605003762292,1
476,1,1.0,0,43.6678174,-79.3831111,1750.0,M4Y,Downtown Toronto,0.11437887155318639,1
477,2,1.0,0,43.6678174,-79.3831111,2850.0,M4Y,Downtown Toronto,0.11437887155318639,1
478,1,1.0,0,43.6693009,-79.3841709,2400.0,M4Y,Downtown Toronto,0.126986114697448,1
479,1,1.0,0,43.6652335,-79.3842932,99.0,M4Y,Downtown Toronto,0.09121917902899301,1
480,1,1.0,0,43.6687589,-79.3812685,1850.0,M4Y,Downtown Toronto,0.12489673298340663,1
481,1,1.0,0,43.6659283,-79.383465,2100.0,M4Y,Downtown Toronto,0.09757866492840449,1
482,1,1.0,0,43.6695928,-79.3805797,1850.0,M4Y,Downtown Toronto,0.13336048036878967,1
483,2,2.0,0,43.6695928,-79.3805797,3100.0,M4Y,Downtown Toronto,0.13336048036878967,1
484,1,1.0,0,43.6658263,-79.38399390000002,1860.0,M4Y,Downtown Toronto,0.09646437612165809,1
485,1,1.0,0,43.6683764,-79.3806431,1900.0,M4Y,Downtown Toronto,0.12283859894141648,1
486,1,1.0,1,43.6659283,-79.383465,2680.0,M4Y,Downtown Toronto,0.09757866492840449,1
487,1,1.0,0,43.6641794,-79.37550590000002,1700.0,M4Y,Downtown Toronto,0.11048976420024889,1
488,2,2.0,0,43.6657528,-79.3855792,3200.0,M4Y,Downtown Toronto,0.09639733870300342,1
489,1,1.0,0,43.6676141,-79.38645890000002,2500.0,M4Y,Downtown Toronto,0.11364605003762292,1
490,2,1.0,0,43.6667515,-79.37623549999998,2699.0,M4Y,Downtown Toronto,0.12494950617350005,1
491,2,2.0,0,43.66523400000001,-79.3839957,3300.0,M4Y,Downtown Toronto,0.09125787744342868,1
492,1,1.0,0,43.6676141,-79.38645890000002,2099.0,M4Y,Downtown Toronto,0.11364605003762292,1
493,1,1.0,0,43.6655881,-79.383028,2200.0,M4Y,Downtown Toronto,0.09493755572374547,1
494,1,1.0,0,43.6655881,-79.383028,1850.0,M4Y,Downtown Toronto,0.09493755572374547,1
495,1,1.0,0,43.6635722,-79.3819958,1725.0,M4Y,Downtown Toronto,0.07897976154013289,1
496,1,1.0,0,43.6701358,-79.37871080000002,1200.0,M4Y,Downtown Toronto,0.14252855146194018,1
497,1,1.0,0,43.6691213,-79.3847434,1500.0,M4Y,Downtown Toronto,0.1254613296810671,1
498,1,1.0,0,43.6567414,-79.3699948,1799.0,M5A,Downtown Toronto,0.1198013328341888,1
499,1,1.0,0,43.6567414,-79.3699948,1899.0,M5A,Downtown Toronto,0.1198013328341888,1
500,1,1.0,0,43.6450775,-79.3643417,2450.0,M5A,Downtown Toronto,0.18347605475091716,1
501,1,1.0,0,43.65221029999999,-79.3707988,2200.0,M5A,Downtown Toronto,0.11122280447618288,1
502,2,2.0,0,43.6551919,-79.3539119,2999.0,M5A,Downtown Toronto,0.2590042619495408,1
503,1,1.0,1,43.65598789999999,-79.35887690000001,3200.0,M5A,Downtown Toronto,0.21585802185564526,1
504,1,1.0,0,43.653075,-79.37017900000002,2000.0,M5A,Downtown Toronto,0.11595305479213015,1
505,1,1.0,0,43.6450775,-79.3643417,2450.0,M5A,Downtown Toronto,0.18347605475091716,1
506,1,1.0,0,43.65221029999999,-79.3707988,2200.0,M5A,Downtown Toronto,0.11122280447618288,1
507,2,2.0,0,43.6551919,-79.3539119,2999.0,M5A,Downtown Toronto,0.2590042619495408,1
508,1,1.0,1,43.65598789999999,-79.35887690000001,3200.0,M5A,Downtown Toronto,0.21585802185564526,1
509,1,1.0,0,43.653075,-79.37017900000002,2000.0,M5A,Downtown Toronto,0.11595305479213015,1
510,1,1.0,0,43.653978,-79.3541341,1900.0,M5A,Downtown Toronto,0.25681285618511307,1
511,2,1.0,0,43.6519582,-79.3688547,2550.0,M5A,Downtown Toronto,0.12845934363784317,1
512,1,1.0,1,43.658981,-79.36291899999998,2099.0,M5A,Downtown Toronto,0.1847915610623219,1
513,1,1.0,1,43.6525764,-79.36706590000001,2350.0,M5A,Downtown Toronto,0.14356091502954993,1
514,1,1.0,1,43.6525764,-79.36706590000001,2350.0,M5A,Downtown Toronto,0.14356091502954993,1
515,1,1.0,0,43.6450775,-79.3643417,2450.0,M5A,Downtown Toronto,0.18347605475091716,1
516,1,1.0,0,43.65221029999999,-79.3707988,2200.0,M5A,Downtown Toronto,0.11122280447618288,1
517,2,2.0,0,43.6551919,-79.3539119,2999.0,M5A,Downtown Toronto,0.2590042619495408,1
518,1,1.0,1,43.65598789999999,-79.35887690000001,3200.0,M5A,Downtown Toronto,0.21585802185564526,1
519,1,1.0,0,43.653075,-79.37017900000002,2000.0,M5A,Downtown Toronto,0.11595305479213015,1
520,1,1.0,0,43.653978,-79.3541341,1900.0,M5A,Downtown Toronto,0.25681285618511307,1
521,2,1.0,0,43.6519582,-79.3688547,2550.0,M5A,Downtown Toronto,0.12845934363784317,1
522,1,1.0,1,43.658981,-79.36291899999998,2099.0,M5A,Downtown Toronto,0.1847915610623219,1
523,1,1.0,1,43.6525764,-79.36706590000001,2350.0,M5A,Downtown Toronto,0.14356091502954993,1
524,1,1.0,0,43.6551919,-79.3539119,2200.0,M5A,Downtown Toronto,0.2590042619495408,1
525,1,1.0,0,43.6527574,-79.3665108,2450.0,M5A,Downtown Toronto,0.1483167727814142,1
526,1,2.0,1,43.6523308,-79.3560136,2300.0,M5A,Downtown Toronto,0.24067301960647156,1
527,1,1.0,0,43.6583179,-79.36823570000001,1380.0,M5A,Downtown Toronto,0.13805119248569545,1
528,1,1.0,0,43.6565369,-79.3544975,2450.0,M5A,Downtown Toronto,0.2546346840874065,1
529,1,1.0,0,43.6520584,-79.37145749999998,2450.0,M5A,Downtown Toronto,0.10566158298937212,1
530,2,1.0,0,43.6594213,-79.36102509999998,1600.0,M5A,Downtown Toronto,0.20188762937407873,1
531,1,1.0,0,43.6527574,-79.3665108,2000.0,M5A,Downtown Toronto,0.1483167727814142,1
532,1,1.0,0,43.6527574,-79.3665108,2200.0,M5A,Downtown Toronto,0.1483167727814142,1
533,2,2.0,0,43.6551919,-79.3539119,3000.0,M5A,Downtown Toronto,0.2590042619495408,1
534,2,2.0,0,43.6594213,-79.36102509999998,2600.0,M5A,Downtown Toronto,0.20188762937407873,1
535,1,1.0,1,43.6538906,-79.36895109999998,2450.0,M5A,Downtown Toronto,0.12653352534065843,1
536,1,1.0,0,43.653978,-79.3541341,2050.0,M5A,Downtown Toronto,0.25681285618511307,1
537,1,2.0,0,43.65006,-79.3578814,1500.0,M5A,Downtown Toronto,0.22631567493448812,1
538,1,1.0,1,43.6527574,-79.3665108,2200.0,M5A,Downtown Toronto,0.1483167727814142,1
539,1,1.0,0,43.6583179,-79.36823570000001,1380.0,M5A,Downtown Toronto,0.13805119248569545,1
540,2,2.0,0,43.6527574,-79.3665108,2775.0,M5A,Downtown Toronto,0.1483167727814142,1
541,1,1.0,0,43.6520584,-79.37145749999998,2500.0,M5A,Downtown Toronto,0.10566158298937212,1
542,2,2.0,0,43.6551919,-79.3539119,4000.0,M5A,Downtown Toronto,0.2590042619495408,1
543,2,2.0,0,43.6527574,-79.3665108,3500.0,M5A,Downtown Toronto,0.1483167727814142,1
544,1,1.0,0,43.6527574,-79.3665108,2050.0,M5A,Downtown Toronto,0.1483167727814142,1
545,2,2.0,0,43.6531574,-79.3686431,2950.0,M5A,Downtown Toronto,0.12939970886245417,1
546,1,1.0,1,43.6525764,-79.36706590000001,2450.0,M5A,Downtown Toronto,0.14356091502954993,1
547,2,2.0,0,43.6601526,-79.3648897,2800.0,M5A,Downtown Toronto,0.1708609240966398,1
548,1,1.0,0,43.6525889,-79.36771929999998,1500.0,M5A,Downtown Toronto,0.13782488103570614,1
549,1,1.0,0,43.6525889,-79.36771929999998,1600.0,M5A,Downtown Toronto,0.13782488103570614,1
550,1,1.0,1,43.6524993,-79.36696090000002,2300.0,M5A,Downtown Toronto,0.14453482329927395,1
551,1,1.0,1,43.6527574,-79.3665108,2300.0,M5A,Downtown Toronto,0.1483167727814142,1
552,1,2.0,1,43.653978,-79.3541341,2350.0,M5A,Downtown Toronto,0.25681285618511307,1
553,1,1.0,0,43.65921760000001,-79.35579609999998,1600.0,M5A,Downtown Toronto,0.24651107339313966,1
554,1,1.0,1,43.65739179999999,-79.37031490000003,1650.0,M5A,Downtown Toronto,0.11830187010581518,1
555,2,2.0,0,43.653978,-79.3541341,2800.0,M5A,Downtown Toronto,0.25681285618511307,1
556,1,2.0,1,43.6598236,-79.36272729999997,2475.0,M5A,Downtown Toronto,0.18826066630797716,1
557,2,2.0,0,43.6551919,-79.3539119,3000.0,M5A,Downtown Toronto,0.2590042619495408,1
558,1,1.0,0,43.6527574,-79.3665108,2050.0,M5A,Downtown Toronto,0.1483167727814142,1
559,1,1.0,0,43.658981,-79.36291899999998,2600.0,M5A,Downtown Toronto,0.1847915610623219,1
560,1,1.0,0,43.6527574,-79.3665108,2300.0,M5A,Downtown Toronto,0.1483167727814142,1
561,1,1.0,0,43.6527574,-79.3665108,2000.0,M5A,Downtown Toronto,0.1483167727814142,1
562,1,1.0,1,43.65478820000001,-79.3597037,1000.0,M5A,Downtown Toronto,0.20797981873018903,1
563,1,1.0,0,43.6447757,-79.3665735,4000.0,M5A,Downtown Toronto,0.16691290763271063,1
564,1,1.0,0,43.65422810000001,-79.36701540000001,700.0,M5A,Downtown Toronto,0.14357918055669897,1
565,2,2.0,0,43.6594213,-79.36102509999998,2600.0,M5A,Downtown Toronto,0.20188762937407873,1
566,2,2.0,0,43.64310510000001,-79.375906,3200.0,M5E,Downtown Toronto,0.11188966475624387,1
567,2,2.0,0,43.64310510000001,-79.375906,3200.0,M5E,Downtown Toronto,0.11188966475624387,1
568,2,2.0,0,43.64310510000001,-79.375906,3200.0,M5E,Downtown Toronto,0.11188966475624387,1
569,1,1.0,1,43.6458091,-79.3756819,3000.0,M5E,Downtown Toronto,0.09557854197923027,1
570,2,2.0,0,43.6458091,-79.3756819,3400.0,M5E,Downtown Toronto,0.09557854197923027,1
571,2,2.0,0,43.64310510000001,-79.375906,3200.0,M5E,Downtown Toronto,0.11188966475624387,1
572,1,1.0,0,43.6485726,-79.37627540000003,1900.0,M5E,Downtown Toronto,0.07631671996416073,1
573,2,2.0,0,43.64310510000001,-79.375906,3200.0,M5E,Downtown Toronto,0.11188966475624387,1
574,1,1.0,1,43.6458091,-79.3756819,3000.0,M5E,Downtown Toronto,0.09557854197923027,1
575,2,2.0,0,43.6458091,-79.3756819,3400.0,M5E,Downtown Toronto,0.09557854197923027,1
576,1,1.0,0,43.6485726,-79.37627540000003,1900.0,M5E,Downtown Toronto,0.07631671996416073,1
577,1,1.0,0,43.6441737,-79.3894209,2500.0,M5E,Downtown Toronto,0.0883779772490457,1
578,2,2.0,0,43.64310510000001,-79.375906,3200.0,M5E,Downtown Toronto,0.11188966475624387,1
579,1,1.0,1,43.6458091,-79.3756819,3000.0,M5E,Downtown Toronto,0.09557854197923027,1
580,2,2.0,0,43.6458091,-79.3756819,3400.0,M5E,Downtown Toronto,0.09557854197923027,1
581,1,1.0,0,43.6485726,-79.37627540000003,1900.0,M5E,Downtown Toronto,0.07631671996416073,1
582,1,1.0,0,43.6441737,-79.3894209,2500.0,M5E,Downtown Toronto,0.0883779772490457,1
583,1,1.0,0,43.6493806,-79.37453190000002,2200.0,M5E,Downtown Toronto,0.08624653095686369,1
584,1,1.0,0,43.6485726,-79.37627540000003,1850.0,M5E,Downtown Toronto,0.07631671996416073,1
585,2,2.0,0,43.6444084,-79.37656170000002,3000.0,M5E,Downtown Toronto,0.0993309551228657,1
586,2,2.0,0,43.64310510000001,-79.375906,3200.0,M5E,Downtown Toronto,0.11188966475624387,1
587,1,1.0,1,43.6458091,-79.3756819,2600.0,M5E,Downtown Toronto,0.09557854197923027,1
588,1,1.0,0,43.6460983,-79.37605490000001,2250.0,M5E,Downtown Toronto,0.09144823113053673,1
589,2,2.0,0,43.6458091,-79.3756819,4000.0,M5E,Downtown Toronto,0.09557854197923027,1
590,1,1.0,0,43.6413595,-79.37251450000002,2100.0,M5E,Downtown Toronto,0.14296226577977716,1
591,1,1.0,0,43.6460983,-79.37605490000001,2250.0,M5E,Downtown Toronto,0.09144823113053673,1
592,1,1.0,1,43.6460983,-79.37605490000001,2450.0,M5E,Downtown Toronto,0.09144823113053673,1
593,1,1.0,0,43.6458091,-79.3756819,2650.0,M5E,Downtown Toronto,0.09557854197923027,1
594,1,1.0,0,43.64310510000001,-79.375906,2250.0,M5E,Downtown Toronto,0.11188966475624387,1
595,2,2.0,0,43.6444084,-79.37656170000002,2500.0,M5E,Downtown Toronto,0.0993309551228657,1
596,1,1.0,0,43.6444084,-79.37656170000002,2200.0,M5E,Downtown Toronto,0.0993309551228657,1
597,1,1.0,1,43.6485726,-79.37627540000003,2450.0,M5E,Downtown Toronto,0.07631671996416073,1
598,1,1.0,0,43.6494165,-79.3745473,1900.0,M5E,Downtown Toronto,0.08599115987340035,1
599,2,2.0,0,43.6459244,-79.37532990000003,1500.0,M5E,Downtown Toronto,0.09717721500216248,1
600,2,2.0,0,43.6444084,-79.37656170000002,3000.0,M5E,Downtown Toronto,0.0993309551228657,1
601,2,2.0,0,43.6416207,-79.3717276,3250.0,M5E,Downtown Toronto,0.1461646015062442,1
602,2,1.5,0,43.6460983,-79.37605490000001,2600.0,M5E,Downtown Toronto,0.09144823113053673,1
603,1,1.0,0,43.6416207,-79.3717276,2700.0,M5E,Downtown Toronto,0.1461646015062442,1
604,1,1.0,0,43.6893623,-79.35284809999997,1825.0,M4K,East Toronto,0.40831472571455085,2
605,2,1.0,0,43.6893623,-79.35284809999997,2245.0,M4K,East Toronto,0.40831472571455085,2
606,1,1.0,1,43.661927,-79.3865112,2250.0,M5S,Downtown Toronto,0.06479452691386502,1
607,1,1.0,1,43.661927,-79.3865112,2250.0,M5S,Downtown Toronto,0.06479452691386502,1
608,1,1.0,1,43.6629771,-79.386217,2200.0,M5S,Downtown Toronto,0.07315443879316606,1
609,1,1.0,0,43.6665804,-79.40093940000001,1200.0,M5S,Downtown Toronto,0.1755886266883745,1
610,1,1.0,1,43.6629771,-79.386217,2200.0,M5S,Downtown Toronto,0.07315443879316606,1
611,1,1.0,1,43.6653563,-79.387999,2300.0,M5S,Downtown Toronto,0.09744168125244687,1
612,1,1.0,0,43.6616564,-79.4099423,1700.0,M5S,Downtown Toronto,0.2272271672435501,1
613,2,1.0,0,43.6672109,-79.3891532,3099.0,M5S,Downtown Toronto,0.11616735947732586,1
614,1,1.0,0,43.6647727,-79.38698670000002,2000.0,M5S,Downtown Toronto,0.09005985655821867,1
615,2,2.0,0,43.6669805,-79.38888890000001,3500.0,M5S,Downtown Toronto,0.1134761961728138,1
616,1,1.0,0,43.6626956,-79.4000493,1000.0,M5S,Downtown Toronto,0.150266589991763,1
617,2,1.0,0,43.6582784,-79.40843659999999,600.0,M5S,Downtown Toronto,0.2073724410864492,1
618,1,1.0,0,43.6655297,-79.39547540000002,1000.0,M5S,Downtown Toronto,0.1334445799607544,1
619,2,2.0,0,43.6505597,-79.38207220000002,2800.0,M5H,Downtown Toronto,0.02696649445158709,1
620,1,1.0,0,43.6505597,-79.38207220000002,1900.0,M5H,Downtown Toronto,0.02696649445158709,1
621,1,1.0,0,43.6505597,-79.38207220000002,1900.0,M5H,Downtown Toronto,0.02696649445158709,1
622,1,1.0,1,43.64738010000001,-79.3872741,2400.0,M5H,Downtown Toronto,0.05473798027681613,1
623,2,2.0,0,43.6504185,-79.38179079999998,3000.0,M5H,Downtown Toronto,0.029393765253197004,1
624,2,2.0,0,43.6505597,-79.38207220000002,2800.0,M5H,Downtown Toronto,0.02696649445158709,1
625,1,1.0,0,43.6505597,-79.38207220000002,1900.0,M5H,Downtown Toronto,0.02696649445158709,1
626,1,1.0,0,43.6505597,-79.38207220000002,1900.0,M5H,Downtown Toronto,0.02696649445158709,1
627,1,1.0,1,43.64738010000001,-79.3872741,2400.0,M5H,Downtown Toronto,0.05473798027681613,1
628,2,2.0,0,43.6504185,-79.38179079999998,3000.0,M5H,Downtown Toronto,0.029393765253197004,1
629,1,1.0,1,43.64894,-79.378086,2950.0,M5H,Downtown Toronto,0.06154301382103981,1
630,2,2.0,0,43.6505597,-79.38207220000002,2800.0,M5H,Downtown Toronto,0.02696649445158709,1
631,1,1.0,0,43.6505597,-79.38207220000002,1900.0,M5H,Downtown Toronto,0.02696649445158709,1
632,1,1.0,0,43.6505597,-79.38207220000002,1900.0,M5H,Downtown Toronto,0.02696649445158709,1
633,1,1.0,1,43.64738010000001,-79.3872741,2400.0,M5H,Downtown Toronto,0.05473798027681613,1
634,1,1.0,1,43.64738010000001,-79.3872741,2400.0,M5H,Downtown Toronto,0.05473798027681613,1
635,1,1.0,0,43.64884110000001,-79.3779693,2200.0,M5H,Downtown Toronto,0.06288749391983559,1
636,1,2.0,0,43.6505597,-79.38207220000002,2800.0,M5H,Downtown Toronto,0.02696649445158709,1
637,1,1.0,0,43.6505597,-79.38207220000002,1900.0,M5H,Downtown Toronto,0.02696649445158709,1
638,1,1.0,0,43.648742,-79.3868108,2400.0,M5H,Downtown Toronto,0.04216926172671859,1
639,1,1.0,0,43.6488576,-79.3781453,2750.0,M5H,Downtown Toronto,0.06159435570096211,1
640,2,2.0,0,43.6505597,-79.38207220000002,2800.0,M5H,Downtown Toronto,0.02696649445158709,1
641,1,1.0,0,43.6505597,-79.38207220000002,2050.0,M5H,Downtown Toronto,0.02696649445158709,1
642,1,1.0,0,43.6488576,-79.3781453,2350.0,M5H,Downtown Toronto,0.06159435570096211,1
643,1,1.0,0,43.64955689999999,-79.38722829999998,2200.0,M5H,Downtown Toronto,0.03778815496682976,1
644,2,2.0,0,43.6500917,-79.3873738,3600.0,M5H,Downtown Toronto,0.0347636502252239,1
645,2,2.0,0,43.6505597,-79.38207220000002,3000.0,M5H,Downtown Toronto,0.02696649445158709,1
646,1,1.0,0,43.64895300000001,-79.3857683,4000.0,M5H,Downtown Toronto,0.037096539069895546,1
647,2,1.0,0,43.6525485,-79.38351180000002,2200.0,M5H,Downtown Toronto,0.005425898970389056,1
648,1,1.0,1,43.6488576,-79.3781453,2750.0,M5H,Downtown Toronto,0.06159435570096211,1
649,1,1.0,0,43.64894,-79.378086,2390.0,M5H,Downtown Toronto,0.06154301382103981,1
650,1,1.0,0,43.6487423,-79.37849720000001,1600.0,M5H,Downtown Toronto,0.059902402713813335,1
651,1,1.0,0,43.6505597,-79.38207220000002,1950.0,M5H,Downtown Toronto,0.02696649445158709,1
652,1,1.0,0,43.6500917,-79.3873738,3200.0,M5H,Downtown Toronto,0.0347636502252239,1
653,1,1.0,0,43.6505597,-79.38207220000002,2200.0,M5H,Downtown Toronto,0.02696649445158709,1
654,1,1.0,0,43.6541547,-79.3852113,550.0,M5G,Downtown Toronto,0.0,1
655,1,1.0,0,43.65506920000001,-79.38747049999998,1200.0,M5G,Downtown Toronto,0.02138488742672885,1
656,1,1.0,0,43.6541547,-79.3852113,550.0,M5G,Downtown Toronto,0.0,1
657,1,1.0,0,43.65506920000001,-79.38747049999998,1200.0,M5G,Downtown Toronto,0.02138488742672885,1
658,1,1.0,0,43.659329,-79.3826747,2350.0,M5G,Downtown Toronto,0.04138229125655468,1
659,1,1.0,0,43.6541547,-79.3852113,550.0,M5G,Downtown Toronto,0.0,1
660,1,1.0,0,43.65506920000001,-79.38747049999998,1200.0,M5G,Downtown Toronto,0.02138488742672885,1
661,1,1.0,0,43.659329,-79.3826747,2350.0,M5G,Downtown Toronto,0.04138229125655468,1
662,2,2.0,0,43.6601107,-79.38588709999998,2950.0,M5G,Downtown Toronto,0.0479491655140339,1
663,1,1.0,0,43.6608355,-79.3858556,750.0,M5G,Downtown Toronto,0.05408000968662956,1
664,1,1.5,0,43.6550554,-79.3847211,2800.0,M5G,Downtown Toronto,0.002407401227588318,1
665,1,1.0,1,43.6568825,-79.3835616,2000.0,M5G,Downtown Toronto,0.018571919250205526,1
666,1,1.0,0,43.6575221,-79.3899928,1750.0,M5G,Downtown Toronto,0.050980516679615034,1
667,1,1.0,0,43.6539487,-79.3885701,1900.0,M5G,Downtown Toronto,0.02924771480876352,1
668,1,1.0,0,43.6515926,-79.3875585,1700.0,M5G,Downtown Toronto,0.026836596951529453,1
669,2,2.0,0,43.658897,-79.383798,2950.0,M5G,Downtown Toronto,0.03572078889352437,1
670,2,2.0,0,43.659329,-79.3826747,2100.0,M5G,Downtown Toronto,0.04138229125655468,1
671,2,2.0,0,43.6601367,-79.3858692,2950.0,M5G,Downtown Toronto,0.048131788365518,1
672,2,1.5,0,43.6568825,-79.3835616,3000.0,M5G,Downtown Toronto,0.018571919250205526,1
673,1,1.0,0,43.6565308,-79.38600490000002,1550.0,M5G,Downtown Toronto,0.019178063988713964,1
674,2,2.0,0,43.6601367,-79.3858692,2950.0,M5G,Downtown Toronto,0.048131788365518,1
675,1,1.0,0,43.6538857,-79.3880868,2100.0,M5G,Downtown Toronto,0.024997165684144926,1
676,1,1.0,0,43.6575994,-79.38364,2300.0,M5G,Downtown Toronto,0.02460015401258279,1
677,1,1.0,0,43.6539487,-79.3885701,2100.0,M5G,Downtown Toronto,0.02924771480876352,1
678,1,1.0,0,43.6547234,-79.3814004,700.0,M5G,Downtown Toronto,0.01806395980690325,1
679,1,1.0,0,43.6599624,-79.3850953,1600.0,M5G,Downtown Toronto,0.045338312745057605,1
680,1,1.0,0,43.658974,-79.3840397,2000.0,M5G,Downtown Toronto,0.03623807159764382,1
681,1,1.0,0,43.66698870000001,-79.3146912,1100.0,M4L,East Toronto,0.6143281586816404,2
682,1,1.0,0,43.66698870000001,-79.3146912,1100.0,M4L,East Toronto,0.6143281586816404,2
683,1,1.0,0,43.66698870000001,-79.3146912,1100.0,M4L,East Toronto,0.6143281586816404,2
684,1,1.0,0,43.6527574,-79.3665108,2480.0,M4V,Central Toronto,0.1483167727814142,4
685,1,1.0,0,43.6448637,-79.3990598,2250.0,M4V,Central Toronto,0.14389426967532568,4
686,1,1.0,0,43.6527574,-79.3665108,2480.0,M4V,Central Toronto,0.1483167727814142,4
687,1,1.0,0,43.6448637,-79.3990598,2250.0,M4V,Central Toronto,0.14389426967532568,4
688,1,1.0,0,43.68889710000001,-79.41198359999999,1617.0,M4V,Central Toronto,0.3839677021997027,4
689,1,1.0,0,43.6527574,-79.3665108,2480.0,M4V,Central Toronto,0.1483167727814142,4
690,1,1.0,0,43.6448637,-79.3990598,2250.0,M4V,Central Toronto,0.14389426967532568,4
691,1,1.0,0,43.68889710000001,-79.41198359999999,1617.0,M4V,Central Toronto,0.3839677021997027,4
692,1,1.0,0,43.6867088,-79.3992577,1950.0,M4V,Central Toronto,0.308638048968611,4
693,1,1.0,0,43.68651120000001,-79.39952159999999,150.0,M4V,Central Toronto,0.30803316924745644,4
694,1,1.0,1,43.6739944,-79.44168499999998,1650.0,M6H,West Toronto,0.5262725822441144,3
695,1,1.0,1,43.6739944,-79.44168499999998,1650.0,M6H,West Toronto,0.5262725822441144,3
696,1,1.0,1,43.6739944,-79.44168499999998,1650.0,M6H,West Toronto,0.5262725822441144,3
697,1,1.0,0,43.65967929999999,-79.4292906,1857.0,M6H,West Toronto,0.39052254537234754,3
698,1,1.0,0,43.65967929999999,-79.4292906,1757.0,M6H,West Toronto,0.39052254537234754,3
699,1,1.0,0,43.65967929999999,-79.4292906,1597.0,M6H,West Toronto,0.39052254537234754,3
700,1,1.0,0,43.6599474,-79.4308197,1857.0,M6H,West Toronto,0.4041583042276585,3
701,1,1.0,0,43.6589956,-79.4296933,1757.0,M6H,West Toronto,0.3933209690421544,3
702,1,1.0,0,43.6589956,-79.4296933,1717.0,M6H,West Toronto,0.3933209690421544,3
703,1,1.0,0,43.6589956,-79.4296933,1597.0,M6H,West Toronto,0.3933209690421544,3
704,2,1.0,0,43.665271,-79.4476835,2600.0,M6H,West Toronto,0.557885278672036,3
705,3,3.0,0,43.67301670000001,-79.4399334,2500.0,M6H,West Toronto,0.5089052998974689,3
706,1,1.0,0,43.662091,-79.4332913,935.0,M6H,West Toronto,0.4284245050756809,3
707,1,1.0,0,43.662091,-79.4332913,935.0,M6H,West Toronto,0.4284245050756809,3
708,1,1.0,0,43.6672287,-79.4375116,1600.0,M6H,West Toronto,0.47400022077151893,3
709,1,1.0,0,43.66945689999999,-79.432457,1509.0,M6H,West Toronto,0.43664327112622514,3
710,2,1.0,0,43.6415686,-79.42460279999997,2889.0,M6J,West Toronto,0.3622981270794606,3
711,1,1.0,0,43.65229779999999,-79.4069977,1300.0,M6J,West Toronto,0.19177236957366636,3
712,2,1.0,0,43.6415686,-79.42460279999997,2889.0,M6J,West Toronto,0.3622981270794606,3
713,1,1.0,0,43.65229779999999,-79.4069977,1300.0,M6J,West Toronto,0.19177236957366636,3
714,3,1.5,0,43.6411088,-79.419448,3450.0,M6J,West Toronto,0.3205893436565795,3
715,2,1.0,0,43.6415686,-79.42460279999997,2889.0,M6J,West Toronto,0.3622981270794606,3
716,1,1.0,0,43.65229779999999,-79.4069977,1300.0,M6J,West Toronto,0.19177236957366636,3
717,3,1.5,0,43.6411088,-79.419448,3450.0,M6J,West Toronto,0.3205893436565795,3
718,2,2.0,0,43.6413402,-79.41813940000002,3200.0,M6J,West Toronto,0.3090881273588333,3
719,1,1.0,0,43.6428951,-79.4281018,2000.0,M6J,West Toronto,0.3888136307818978,3
720,2,1.0,0,43.6420242,-79.42305970000002,2800.0,M6J,West Toronto,0.3481521149445549,3
721,2,1.0,0,43.6415328,-79.4240715,2400.0,M6J,West Toronto,0.3579271989790219,3
722,1,1.0,1,43.6423708,-79.42419050000002,2000.0,M6J,West Toronto,0.3568114087005097,3
723,1,1.0,1,43.6423708,-79.42419050000002,2000.0,M6J,West Toronto,0.3568114087005097,3
724,2,2.0,0,43.6437964,-79.4284926,2000.0,M6J,West Toronto,0.39030514387305953,3
725,1,1.0,0,43.6428951,-79.4281018,2000.0,M6J,West Toronto,0.3888136307818978,3
726,1,1.0,0,43.6423708,-79.42419050000002,2000.0,M6J,West Toronto,0.3568114087005097,3
727,2,2.0,0,43.6423708,-79.42419050000002,2000.0,M6J,West Toronto,0.3568114087005097,3
728,1,1.0,0,43.6428951,-79.4281018,2000.0,M6J,West Toronto,0.3888136307818978,3
729,1,1.0,0,43.64159650000001,-79.4234431,850.0,M6J,West Toronto,0.3524867143713789,3
730,1,1.0,1,43.6610628,-79.35154150000002,2500.0,M4M,East Toronto,0.28639896261663317,2
731,1,1.0,0,43.6610628,-79.35154150000002,2500.0,M4M,East Toronto,0.28639896261663317,2
732,1,1.0,0,43.665173,-79.3410685,2100.0,M4M,East Toronto,0.3843863265392651,2
733,1,1.0,0,43.6484292,-79.3822802,1300.0,M5X,Downtown Toronto,0.042959984247363275,1
734,1,1.0,0,43.6486599,-79.38157640000001,900.0,M5X,Downtown Toronto,0.043599122135767984,1
735,1,1.0,0,43.6710818,-79.38074350000002,1970.0,M4W,Downtown Toronto,0.14583188095401195,1
736,1,1.0,0,43.6710818,-79.38074350000002,1650.0,M4W,Downtown Toronto,0.14583188095401195,1
737,1,1.0,0,43.6721931,-79.38786640000002,2000.0,M4W,Downtown Toronto,0.1554528799996527,1
738,1,1.0,0,43.670811,-79.3852395,1699.0,M4W,Downtown Toronto,0.14049225480001043,1
739,1,1.0,0,43.6790427,-79.37653459999999,2350.0,M4W,Downtown Toronto,0.2229254777953446,1
740,1,1.0,0,43.670320200000006,-79.39443320000002,1900.0,M5R,Central Toronto,0.16126536984652462,4
741,1,1.0,0,43.672735,-79.4023802,1900.0,M5R,Central Toronto,0.2211903424248241,4
742,1,1.0,0,43.6700064,-79.3976944,1760.0,M5R,Central Toronto,0.17581200125609336,4
743,1,1.0,0,43.67550720000001,-79.41500090000002,1100.0,M5R,Central Toronto,0.32173973308516973,4
744,1,1.0,0,43.6709659,-79.3905934,3620.0,M5R,Central Toronto,0.1515248559992681,4
745,1,1.0,0,43.67396220000001,-79.40163249999998,1800.0,M5R,Central Toronto,0.22473727377301259,4
746,2,1.0,0,43.6757718,-79.41148309999998,1500.0,M5R,Central Toronto,0.29841232615826957,4
747,2,1.0,0,43.6805461,-79.4175732,2100.0,M5R,Central Toronto,0.3664483107691832,4
748,1,1.0,0,43.6611083,-79.4987507,1100.0,M6S,West Toronto,1.0,3
749,1,1.0,0,43.6667107,-79.40435079999997,1500.0,M6G,Downtown Toronto,0.20086159847347906,1
750,3,2.0,0,43.6723273,-79.4287263,4625.0,M6G,Downtown Toronto,0.41455760198527725,1
751,2,1.0,0,43.6661636,-79.4276187,2400.0,M6G,Downtown Toronto,0.38752894210367034,1
752,1,1.0,1,43.6520027,-79.4492618,2250.0,M6R,West Toronto,0.5631243205313001,3
753,1,1.0,0,43.6806017,-79.2893327,1600.0,M4E,East Toronto,0.8589405271664209,2
754,1,1.0,0,43.6777793,-79.28619309999998,1300.0,M4E,East Toronto,0.879354025850718,2
755,3,3.0,0,43.707319700000006,-79.4002252,1300.0,M4R,Central Toronto,0.48171047114596915,4
756,1,1.0,0,43.652812,-79.3733062,1975.0,M5C,Downtown Toronto,0.08872061864937224,1
757,1,1.0,0,43.6521506,-79.3754775,2300.0,M5C,Downtown Toronto,0.07067516020972017,1
758,2,2.0,0,43.6490882,-79.3762537,3400.0,M5C,Downtown Toronto,0.07405539798176536,1
759,1,1.0,0,43.6535202,-79.37377020000002,2100.0,M5C,Downtown Toronto,0.0842242354949016,1
760,1,1.0,0,43.65032410000001,-79.3779693,1400.0,M5C,Downtown Toronto,0.05554941223102408,1
761,1,1.0,1,43.6490665,-79.37693,2500.0,M5C,Downtown Toronto,0.06912046190476466,1
762,1,1.0,0,43.69840429999999,-79.3948245,2800.0,M4S,Central Toronto,0.3936828547800013,4
763,1,1.0,0,43.71732100000001,-79.42485,900.0,M5N,Central Toronto,0.653481739681094,4
