,Bedroom,Bathroom,Den,Address,Lat,Long,Price
0,2,2.0,0,L5B,43.581639100000004,-79.648193,2450.0
1,1,1.0,1,M5V,43.6430505,-79.3916429,2150.0
2,1,1.0,0,M5B,43.6606054,-79.37863540000001,1950.0
3,2,2.0,0,M5J,43.6410868,-79.3814048,2900.0
4,1,1.0,0,M5T,43.6524873,-79.3896218,1800.0
5,1,1.0,0,M6K,43.6348903,-79.4346541,1729.0
6,2,1.0,0,L7S,43.328985499999995,-79.80861829999999,1685.0
7,1,1.0,0,M5V,43.6409179,-79.3939821,1900.0
8,1,1.0,0,M5V,43.6413078,-79.4000933,1900.0
9,1,1.0,1,M5V,43.6400685,-79.39996040000001,2400.0
10,1,1.0,0,M4X,43.6684679,-79.37483359999999,1750.0
11,2,1.0,0,M4X,43.6684679,-79.37483359999999,2000.0
12,1,1.0,0,M4Y,43.66472329999999,-79.38408359999998,2200.0
13,1,1.0,1,M5J,43.6408157,-79.38175229999999,2350.0
14,1,1.0,0,M5V,43.647627299999996,-79.39040809999999,2650.0
15,1,1.0,0,M5A,43.6567414,-79.3699948,1799.0
16,1,1.0,0,M5A,43.6567414,-79.3699948,1899.0
17,1,1.0,0,M5B,43.6606054,-79.37863540000001,1950.0
18,2,2.0,0,L5B,43.581639100000004,-79.648193,2450.0
19,2,2.0,0,M5V,43.6394055,-79.3932324,3150.0
20,2,2.0,0,M5E,43.64310510000001,-79.375906,3200.0
21,1,1.0,0,M5V,43.648005299999994,-79.3968338,2500.0
22,1,1.0,1,M5J,43.6418726,-79.3819064,2400.0
23,1,1.0,0,L4L,43.78318970000001,-79.5985666,1750.0
24,2,2.0,0,M5J,43.6423144,-79.3812291,3100.0
25,2,2.0,0,M8Y,43.6232891,-79.48369509999999,2999.0
26,1,1.0,0,M3H,43.7598859,-79.44313840000001,1250.0
27,1,1.0,0,M4K,43.6893623,-79.35284809999999,1825.0
28,1,1.0,1,L6X,43.6852857,-79.7614922,1900.0
29,2,1.0,0,M4K,43.6893623,-79.35284809999999,2245.0
30,1,1.0,0,M5J,43.6410868,-79.3814048,2200.0
31,1,1.0,0,M5T,43.6524873,-79.3896218,1800.0
32,1,1.0,0,M5J,43.6410868,-79.3814048,2200.0
33,2,2.0,0,M5J,43.6410868,-79.3814048,2900.0
34,1,1.0,0,M5V,43.6489727,-79.3872946,2299.0
35,1,1.0,0,M5B,43.6606054,-79.37863540000001,1950.0
36,1,1.0,0,M5B,43.6606054,-79.37863540000001,1950.0
37,2,2.0,0,M5J,43.6410868,-79.3814048,2900.0
38,1,1.0,0,M4Y,43.670878,-79.3766958,1950.0
39,1,1.0,1,M5S,43.661927,-79.3865112,2250.0
40,2,1.5,0,L7S,43.3316744,-79.81535440000002,2000.0
41,2,2.0,0,M5H,43.6505597,-79.38207220000001,2800.0
42,1,1.0,0,M5H,43.6505597,-79.38207220000001,1900.0
43,1,1.0,0,M5H,43.6505597,-79.38207220000001,1900.0
44,1,1.0,0,L5G,43.558352500000005,-79.5788687,1727.0
45,2,1.0,0,M6K,43.6371527,-79.4270923,2230.0
46,1,1.0,0,M4X,43.664055700000006,-79.3737903,1785.0
47,1,1.0,0,M4X,43.664055700000006,-79.3737903,1535.0
48,2,2.0,0,M5J,43.6410868,-79.3814048,2900.0
49,1,1.0,0,M5T,43.6524873,-79.3896218,1800.0
50,2,2.0,0,M5E,43.64310510000001,-79.375906,3200.0
51,2,2.0,0,M5V,43.647870000000005,-79.391138,2350.0
52,1,1.0,0,M6K,43.6371527,-79.4270923,1475.0
53,1,1.0,0,M4Y,43.664580799999996,-79.38229559999999,1815.0
54,1,1.0,0,M6K,43.6371527,-79.4270923,1755.0
55,1,1.0,0,M5A,43.6450775,-79.3643417,2450.0
56,1,1.0,0,M5A,43.65221029999999,-79.3707988,2200.0
57,2,1.0,0,L1N,43.8792747,-78.9346733,1350.0
58,1,1.0,1,M5H,43.64738010000001,-79.3872741,2400.0
59,1,1.0,1,M5V,43.6394055,-79.3932324,2424.0
60,1,1.0,0,M4X,43.6701586,-79.3756379,1700.0
61,1,1.0,0,M4X,43.6684679,-79.37483359999999,1400.0
62,1,1.0,0,M4X,43.6684679,-79.37483359999999,1700.0
63,1,1.0,0,L6X,43.6887398,-79.7642676,1500.0
64,2,2.0,0,L5B,43.581639100000004,-79.648193,2450.0
65,1,1.0,0,M5V,43.6489727,-79.3872946,2299.0
66,2,2.0,0,M5E,43.64310510000001,-79.375906,3200.0
67,1,1.0,0,M5V,43.6489001,-79.392205,2550.0
68,2,2.0,0,M5V,43.6394055,-79.3932324,3150.0
69,2,1.0,0,L6X,43.6887398,-79.7642676,1775.0
70,1,1.0,0,,43.850619099999996,-79.3193975,1750.0
71,1,1.0,0,M5J,43.6418064,-79.3789807,1830.0
72,1,1.0,0,M4Y,43.6655881,-79.383028,2000.0
73,2,1.0,0,M6M,43.6911466,-79.4714355,1850.0
74,2,1.0,0,M6K,43.648857799999995,-79.4330072,1300.0
75,1,1.0,1,M5J,43.6426791,-79.3769938,2275.0
76,2,1.0,0,,43.9491784,-78.2934468,1595.0
77,1,2.0,1,M5V,43.6402232,-79.395951,2500.0
78,2,2.0,0,M9C,43.6092614,-79.558998,2380.0
79,1,1.0,0,M5J,43.6419081,-79.38177979999999,2000.0
80,2,1.0,0,M6K,43.6403508,-79.42752159999999,2574.0
81,2,1.0,0,M6K,43.6403508,-79.42752159999999,2591.0
82,1,1.0,0,M6N,43.682691999999996,-79.4888656,1295.0
83,1,1.0,0,M5G,43.6541547,-79.3852113,550.0
84,2,2.0,0,M5V,43.643207700000005,-79.39211,3200.0
85,2,2.0,0,M5V,43.647870000000005,-79.391138,2350.0
86,2,2.0,0,M5J,43.6410868,-79.3814048,2900.0
87,1,1.0,0,M5J,43.6410868,-79.3814048,2200.0
88,1,1.0,0,M5T,43.6524873,-79.3896218,1800.0
89,2,2.0,0,L5B,43.581639100000004,-79.648193,2450.0
90,2,2.0,0,M5B,43.6548421,-79.37920150000001,3099.0
91,2,2.0,0,M4Y,43.6655881,-79.383028,3700.0
92,2,2.0,0,M5H,43.6504185,-79.38179079999999,3000.0
93,2,1.0,0,M5J,43.6408157,-79.38175229999999,1500.0
94,2,2.0,0,M5A,43.6551919,-79.3539119,2999.0
95,1,1.0,0,M6k,43.6399343,-79.4164454,2100.0
96,2,1.0,0,L7R,43.336221,-79.78690040000001,1775.0
97,3,1.5,0,M9N,43.705123,-79.5300905,2050.0
98,1,1.0,0,M9N,43.705123,-79.5300905,1525.0
99,2,1.0,0,M9N,43.705123,-79.5300905,1799.0
100,2,1.0,0,L7P,43.345193200000004,-79.82612879999999,1875.0
101,2,1.0,0,L7S,43.328985499999995,-79.80861829999999,1625.0
102,1,1.0,1,M5V,43.6430505,-79.3916429,2150.0
103,1,1.0,0,M5T,43.6524873,-79.3896218,1800.0
104,1,1.0,0,M5J,43.6410868,-79.3814048,2200.0
105,1,1.0,0,M5V,43.6489727,-79.3872946,2299.0
106,2,2.0,0,L5B,43.581639100000004,-79.648193,2450.0
107,1,1.0,0,M4Y,43.6695496,-79.3837757,2000.0
108,1,1.0,0,M5V,43.6469441,-79.3923973,2100.0
109,2,2.0,0,L5B,43.581639100000004,-79.648193,2300.0
110,2,2.0,0,M4Y,43.666751500000004,-79.37623549999999,4100.0
111,1,1.0,0,M5G,43.65506920000001,-79.38747049999999,1200.0
112,2,2.0,0,m1s,43.7800331,-79.28105450000001,2184.0
113,2,2.0,0,L5L,43.5464869,-79.68541570000001,2350.0
114,1,1.0,0,L5B,43.588602,-79.63170040000001,1900.0
115,1,1.0,0,M4L,43.666988700000005,-79.3146912,1100.0
116,2,2.0,0,L5B,43.581639100000004,-79.648193,2450.0
117,1,1.0,0,M5V,43.6489727,-79.3872946,2299.0
118,2,2.0,0,M5V,43.6394055,-79.3932324,3150.0
119,1,1.0,1,M5V,43.6430505,-79.3916429,2150.0
120,1,1.0,0,L3R,43.85631,-79.3286298,1800.0
121,1,1.0,1,M5A,43.65598789999999,-79.35887690000001,3200.0
122,1,1.0,1,M5J,43.6418726,-79.3819064,2400.0
123,1,1.0,0,M5V,43.640402,-79.39714670000001,2100.0
124,1,1.0,0,M4V,43.6527574,-79.3665108,2480.0
125,1,1.0,1,M5E,43.6458091,-79.3756819,3000.0
126,1,1.0,0,M4V,43.6448637,-79.3990598,2250.0
127,1,1.0,0,M5V,43.647870000000005,-79.391138,1850.0
128,2,1.0,0,L7R,43.336221,-79.78690040000001,1750.0
130,2,1.0,0,L7S,43.328985499999995,-79.80861829999999,1675.0
131,2,2.0,0,M5E,43.6458091,-79.3756819,3400.0
132,1,1.0,0,M6K,43.640845500000005,-79.4143193,2180.0
133,1,1.0,0,M4Y,43.669450700000006,-79.38747049999999,2550.0
134,1,1.0,1,L3R,43.8413607,-79.3201494,1900.0
135,1,1.0,0,L6G,43.8561002,-79.3370188,1800.0
136,1,1.0,1,M5V,43.6385213,-79.39946379999999,2300.0
137,1,1.0,0,M5B,43.660846,-79.3787556,2250.0
138,2,2.0,0,M5E,43.64310510000001,-79.375906,3200.0
139,1,1.0,0,M5J,43.6410868,-79.3814048,2200.0
140,2,2.0,0,L5B,43.581639100000004,-79.648193,2450.0
141,1,1.0,0,M5V,43.6489727,-79.3872946,2299.0
142,1,1.0,0,M5V,43.6489001,-79.392205,2550.0
143,1,1.0,0,M5E,43.6485726,-79.37627540000001,1900.0
144,1,1.0,0,L7J,43.6281687,-80.041462,1175.0
145,2,2.0,0,L6G,43.8497521,-79.32466629999999,2300.0
146,1,1.0,0,M5A,43.653075,-79.37017900000001,2000.0
147,1,1.0,1,M6H,43.6739944,-79.44168499999999,1650.0
148,2,1.0,0,M6J,43.6415686,-79.42460279999999,2889.0
149,2,2.0,0,M5B,43.6606054,-79.37863540000001,2800.0
150,1,1.0,0,M5T,43.6520426,-79.4022416,1300.0
151,2,1.0,0,L1H,43.892047399999996,-78.86086800000001,1250.0
152,1,1.0,0,M6J,43.65229779999999,-79.4069977,1300.0
153,2,1.0,0,L7R,43.336221,-79.78690040000001,1750.0
154,1,1.0,1,M5V,43.6400685,-79.39996040000001,2400.0
155,1,1.0,0,M5B,43.6606054,-79.37863540000001,2000.0
156,2,2.0,0,L5B,43.581639100000004,-79.648193,2450.0
157,1,1.0,0,M5V,43.6489727,-79.3872946,2299.0
158,1,1.0,0,M5B,43.6606054,-79.37863540000001,1950.0
159,2,2.0,0,M5J,43.6410868,-79.3814048,2900.0
160,1,1.0,0,M4Y,43.670878,-79.3766958,1950.0
161,1,1.0,1,M5S,43.661927,-79.3865112,2250.0
162,2,1.5,0,L7S,43.3316744,-79.81535440000002,2000.0
163,2,2.0,0,M5H,43.6505597,-79.38207220000001,2800.0
164,1,1.0,0,M5H,43.6505597,-79.38207220000001,1900.0
165,1,1.0,0,M5H,43.6505597,-79.38207220000001,1900.0
166,1,1.0,0,L5G,43.558352500000005,-79.5788687,1727.0
167,2,1.0,0,M6K,43.6371527,-79.4270923,2230.0
168,1,1.0,0,M4X,43.664055700000006,-79.3737903,1785.0
169,1,1.0,0,M4X,43.664055700000006,-79.3737903,1535.0
170,2,2.0,0,M5J,43.6410868,-79.3814048,2900.0
171,1,1.0,0,M5T,43.6524873,-79.3896218,1800.0
172,2,2.0,0,M5E,43.64310510000001,-79.375906,3200.0
173,2,2.0,0,M5V,43.647870000000005,-79.391138,2350.0
174,1,1.0,0,M6K,43.6371527,-79.4270923,1475.0
175,1,1.0,0,M4Y,43.664580799999996,-79.38229559999999,1815.0
176,1,1.0,0,M6K,43.6371527,-79.4270923,1755.0
177,1,1.0,0,M5A,43.6450775,-79.3643417,2450.0
178,1,1.0,0,M5A,43.65221029999999,-79.3707988,2200.0
179,2,1.0,0,L1N,43.8792747,-78.9346733,1350.0
180,1,1.0,1,M5H,43.64738010000001,-79.3872741,2400.0
181,1,1.0,1,M5V,43.6394055,-79.3932324,2424.0
182,1,1.0,0,M4X,43.6701586,-79.3756379,1700.0
183,1,1.0,0,M4X,43.6684679,-79.37483359999999,1400.0
184,1,1.0,0,M4X,43.6684679,-79.37483359999999,1700.0
185,1,1.0,0,L6X,43.6887398,-79.7642676,1500.0
186,2,2.0,0,L5B,43.581639100000004,-79.648193,2450.0
187,1,1.0,0,M5V,43.6489727,-79.3872946,2299.0
188,1,1.0,0,M5V,43.6489001,-79.392205,2550.0
189,2,2.0,0,M5V,43.6394055,-79.3932324,3150.0
190,2,1.0,0,L6X,43.6887398,-79.7642676,1775.0
191,1,1.0,0,,43.850619099999996,-79.3193975,1750.0
192,1,1.0,0,M5J,43.6418064,-79.3789807,1830.0
193,1,1.0,0,M4Y,43.6655881,-79.383028,2000.0
194,2,1.0,0,M6M,43.6911466,-79.4714355,1850.0
195,2,1.0,0,M6K,43.648857799999995,-79.4330072,1300.0
196,1,1.0,1,M5J,43.6426791,-79.3769938,2275.0
197,2,1.0,0,,43.9491784,-78.2934468,1595.0
198,1,2.0,1,M5V,43.6402232,-79.395951,2500.0
199,2,2.0,0,M9C,43.6092614,-79.558998,2380.0
200,1,1.0,0,M5J,43.6419081,-79.38177979999999,2000.0
201,2,1.0,0,M6K,43.6403508,-79.42752159999999,2574.0
202,2,1.0,0,M6K,43.6403508,-79.42752159999999,2591.0
203,1,1.0,0,M6N,43.682691999999996,-79.4888656,1295.0
204,1,1.0,0,M5G,43.6541547,-79.3852113,550.0
205,2,2.0,0,M5V,43.643207700000005,-79.39211,3200.0
206,1,1.0,0,M5J,43.6410868,-79.3814048,2200.0
207,2,2.0,0,M5B,43.6548421,-79.37920150000001,3099.0
208,2,2.0,0,M4Y,43.6655881,-79.383028,3700.0
209,2,2.0,0,M5H,43.6504185,-79.38179079999999,3000.0
210,2,1.0,0,M5J,43.6408157,-79.38175229999999,1500.0
211,2,2.0,0,M5A,43.6551919,-79.3539119,2999.0
212,1,1.0,0,M6k,43.6399343,-79.4164454,2100.0
213,2,1.0,0,L7R,43.336221,-79.78690040000001,1775.0
214,3,1.5,0,M9N,43.705123,-79.5300905,2050.0
215,1,1.0,0,M9N,43.705123,-79.5300905,1525.0
216,2,1.0,0,M9N,43.705123,-79.5300905,1799.0
217,2,1.0,0,L7P,43.345193200000004,-79.82612879999999,1875.0
218,2,1.0,0,L7S,43.328985499999995,-79.80861829999999,1625.0
219,1,1.0,1,M5V,43.6430505,-79.3916429,2150.0
220,1,1.0,0,M4Y,43.6695496,-79.3837757,2000.0
221,1,1.0,0,M5V,43.6469441,-79.3923973,2100.0
222,2,2.0,0,L5B,43.581639100000004,-79.648193,2300.0
223,2,2.0,0,M4Y,43.666751500000004,-79.37623549999999,4100.0
224,1,1.0,0,M5G,43.65506920000001,-79.38747049999999,1200.0
225,2,2.0,0,m1s,43.7800331,-79.28105450000001,2184.0
226,2,2.0,0,L5L,43.5464869,-79.68541570000001,2350.0
227,1,1.0,0,L5B,43.588602,-79.63170040000001,1900.0
228,1,1.0,0,M4L,43.666988700000005,-79.3146912,1100.0
229,1,1.0,0,L3R,43.85631,-79.3286298,1800.0
230,1,1.0,1,M5A,43.65598789999999,-79.35887690000001,3200.0
231,1,1.0,1,M5J,43.6418726,-79.3819064,2400.0
232,1,1.0,0,M5V,43.640402,-79.39714670000001,2100.0
233,1,1.0,0,M4V,43.6527574,-79.3665108,2480.0
234,1,1.0,1,M5E,43.6458091,-79.3756819,3000.0
235,1,1.0,0,M4V,43.6448637,-79.3990598,2250.0
236,1,1.0,0,M5V,43.647870000000005,-79.391138,1850.0
237,2,1.0,0,L7R,43.336221,-79.78690040000001,1750.0
239,2,1.0,0,L7S,43.328985499999995,-79.80861829999999,1675.0
240,2,2.0,0,M5E,43.6458091,-79.3756819,3400.0
241,1,1.0,0,M6K,43.640845500000005,-79.4143193,2180.0
242,1,1.0,0,M4Y,43.669450700000006,-79.38747049999999,2550.0
243,1,1.0,1,L3R,43.8413607,-79.3201494,1900.0
244,1,1.0,0,L6G,43.8561002,-79.3370188,1800.0
245,1,1.0,1,M5V,43.6385213,-79.39946379999999,2300.0
246,1,1.0,0,M5B,43.660846,-79.3787556,2250.0
247,1,1.0,0,M5E,43.6485726,-79.37627540000001,1900.0
248,1,1.0,0,L7J,43.6281687,-80.041462,1175.0
249,2,2.0,0,L6G,43.8497521,-79.32466629999999,2300.0
250,1,1.0,0,M5A,43.653075,-79.37017900000001,2000.0
251,1,1.0,1,M6H,43.6739944,-79.44168499999999,1650.0
252,2,1.0,0,M6J,43.6415686,-79.42460279999999,2889.0
253,2,2.0,0,M5B,43.6606054,-79.37863540000001,2800.0
254,1,1.0,0,M5T,43.6520426,-79.4022416,1300.0
255,2,1.0,0,L1H,43.892047399999996,-78.86086800000001,1250.0
256,1,1.0,0,M6J,43.65229779999999,-79.4069977,1300.0
257,2,1.0,0,L7R,43.336221,-79.78690040000001,1750.0
258,1,1.0,1,M5V,43.6400685,-79.39996040000001,2400.0
259,1,1.0,0,M5B,43.6606054,-79.37863540000001,2000.0
260,1,1.0,0,M5B,43.6606054,-79.37863540000001,1950.0
261,1,1.0,0,M5B,43.660269,-79.38280019999999,2450.0
262,2,2.0,0,M5B,43.660269,-79.38280019999999,3450.0
263,1,1.0,0,M5G,43.659329,-79.3826747,2350.0
264,2,2.0,0,M5B,43.656733200000005,-79.37515400000001,2900.0
265,1,1.0,1,L5B,43.589760299999995,-79.6484562,2200.0
266,1,1.0,0,M5V,43.6469441,-79.3923973,1850.0
267,1,1.0,1,L5H,43.534070899999996,-79.6245936,2150.0
268,1,1.0,0,M5A,43.653978,-79.3541341,1900.0
269,1,1.0,0,M6K,43.638700299999996,-79.4121833,2200.0
271,3,2.0,0,M5V,43.6467641,-79.3922208,3200.0
272,1,1.0,0,M5E,43.6441737,-79.3894209,2500.0
273,1,1.5,0,m8v,43.6070571,-79.4949066,1200.0
274,1,1.0,0,m5e,43.645271,-79.37639509999998,2600.0
275,1,1.0,1,M5V,43.6406042,-79.3971881,1750.0
276,2,2.0,0,M4Y,43.6695928,-79.3805797,3575.0
277,2,1.0,0,M5V,43.6383175,-79.3977947,3200.0
278,2,1.0,0,M5V,43.6469441,-79.3923973,2500.0
279,1,1.0,0,M5B,43.6606054,-79.37863540000001,1850.0
280,1,1.0,0,M5V,43.6469441,-79.3923973,2100.0
281,1,1.0,0,L7S,43.3202733,-79.8031017,1575.0
282,1,1.0,0,M5B,43.6606054,-79.37863540000001,1950.0
283,1,1.0,0,M4Y,43.6660964,-79.3873217,2400.0
284,1,2.0,1,M2j,43.7749828,-79.34509609999999,2000.0
285,2,2.0,0,M4X,43.66914570000001,-79.3759018,2000.0
286,1,1.0,0,M4X,43.66914570000001,-79.3759018,1650.0
287,1,1.0,0,M4X,43.66914570000001,-79.3759018,1550.0
288,2,1.5,0,L1H,43.8975848,-78.8553098,1250.0
289,1,2.0,1,L5B,43.5904968,-79.63292870000001,2150.0
290,1,1.0,1,M2J,43.7799939,-79.3446008,1600.0
291,3,1.5,0,M6J,43.6411088,-79.419448,3450.0
292,1,1.0,1,M5H,43.64894,-79.378086,2950.0
293,2,1.0,0,L1H,43.8975848,-78.8553098,1350.0
294,2,1.0,0,M5A,43.6519582,-79.3688547,2550.0
295,1,1.0,0,M5V,43.6367593,-79.3978503,1900.0
296,1,1.0,1,m8v,43.62160170000001,-79.4828681,2450.0
297,1,1.0,1,M4Y,43.6618956,-79.3857479,2500.0
298,1,1.0,0,M5J,43.64005770000001,-79.379201,2800.0
299,1,1.0,0,L6G,43.8516467,-79.326656,1600.0
300,1,1.0,1,M5A,43.658981,-79.36291899999999,2099.0
301,1,1.0,1,M5A,43.652576399999994,-79.36706590000001,2350.0
302,1,1.0,1,M5A,43.652576399999994,-79.36706590000001,2350.0
303,1,1.0,0,M4V,43.688897100000005,-79.41198359999999,1617.0
304,2,1.0,0,L1J,43.8929835,-78.8727317,1500.0
305,1,1.0,0,M5T,43.654757700000005,-79.4008271,1750.0
306,1,1.0,0,M5V,43.647632,-79.39296259999999,2100.0
307,1,1.0,0,M5B,43.6606054,-79.37863540000001,1950.0
308,2,2.0,0,L6G,43.84993789999999,-79.3275055,2150.0
309,2,2.0,0,M5J,43.6421671,-79.3819283,2800.0
310,2,1.5,0,L7S,43.3316744,-79.81535440000002,2000.0
311,2,2.0,0,M5H,43.6505597,-79.38207220000001,2800.0
312,1,1.0,0,M5H,43.6505597,-79.38207220000001,1900.0
313,1,1.0,0,M5H,43.6505597,-79.38207220000001,1900.0
314,1,1.0,0,M5A,43.6450775,-79.3643417,2450.0
315,1,1.0,0,M5A,43.65221029999999,-79.3707988,2200.0
316,2,1.0,0,L1N,43.8792747,-78.9346733,1350.0
317,1,1.0,1,M5H,43.64738010000001,-79.3872741,2400.0
318,1,1.0,1,M5V,43.6394055,-79.3932324,2424.0
319,1,1.0,0,M4X,43.6701586,-79.3756379,1700.0
320,1,1.0,0,M4X,43.6684679,-79.37483359999999,1400.0
321,1,1.0,0,M4X,43.6684679,-79.37483359999999,1700.0
322,1,1.0,0,L6X,43.6887398,-79.7642676,1500.0
323,2,1.0,0,L6X,43.6887398,-79.7642676,1775.0
324,1,1.0,0,M5J,43.6418064,-79.3789807,1830.0
325,1,1.0,0,M4Y,43.6655881,-79.383028,2000.0
326,2,1.0,0,M6M,43.6911466,-79.4714355,1850.0
327,2,1.0,0,M6K,43.648857799999995,-79.4330072,1300.0
328,1,1.0,1,M5J,43.6426791,-79.3769938,2275.0
329,1,1.0,0,M5T,43.6531643,-79.3900311,2480.0
330,2,2.0,0,M5V,43.647870000000005,-79.391138,2350.0
331,2,2.0,0,M5E,43.64310510000001,-79.375906,3200.0
332,2,1.0,0,,43.9491784,-78.2934468,1595.0
333,1,2.0,1,M5V,43.6402232,-79.395951,2500.0
334,2,2.0,0,M9C,43.6092614,-79.558998,2380.0
335,1,1.0,0,M5J,43.6419081,-79.38177979999999,2000.0
336,2,1.0,0,M6K,43.6403508,-79.42752159999999,2574.0
337,2,1.0,0,M6K,43.6403508,-79.42752159999999,2591.0
338,1,1.0,0,M6N,43.682691999999996,-79.4888656,1295.0
339,1,1.0,0,M5G,43.6541547,-79.3852113,550.0
340,2,2.0,0,M5B,43.6548421,-79.37920150000001,3099.0
341,2,2.0,0,M4Y,43.6655881,-79.383028,3700.0
342,2,1.0,0,M5J,43.6408157,-79.38175229999999,1500.0
343,2,2.0,0,M5A,43.6551919,-79.3539119,2999.0
344,1,1.0,0,M6k,43.6399343,-79.4164454,2100.0
345,3,1.5,0,M9N,43.705123,-79.5300905,2050.0
346,1,1.0,0,M9N,43.705123,-79.5300905,1525.0
347,2,1.0,0,M9N,43.705123,-79.5300905,1799.0
348,2,1.0,0,L7P,43.345193200000004,-79.82612879999999,1875.0
349,2,1.0,0,L7S,43.328985499999995,-79.80861829999999,1625.0
350,1,1.0,1,M5V,43.6400685,-79.39996040000001,2400.0
351,1,1.0,0,M4Y,43.664843700000006,-79.3859297,2500.0
352,2,1.0,0,M5V,43.645641,-79.39295340000001,1900.0
353,1,1.0,0,M5J,43.6410868,-79.3814048,2200.0
354,1,1.0,0,M5V,43.647627299999996,-79.39040809999999,2650.0
355,1,1.0,0,M4Y,43.6695496,-79.3837757,2000.0
356,2,2.0,0,L5B,43.581639100000004,-79.648193,2300.0
357,1,1.0,0,M5G,43.65506920000001,-79.38747049999999,1200.0
358,2,2.0,0,m1s,43.7800331,-79.28105450000001,2184.0
359,2,2.0,0,L5L,43.5464869,-79.68541570000001,2350.0
360,1,1.0,0,L5B,43.588602,-79.63170040000001,1900.0
361,1,1.0,0,M4L,43.666988700000005,-79.3146912,1100.0
362,1,1.0,0,L3R,43.85631,-79.3286298,1800.0
363,1,1.0,1,M5A,43.65598789999999,-79.35887690000001,3200.0
364,1,1.0,1,M5J,43.6418726,-79.3819064,2400.0
365,1,1.0,0,M5V,43.640402,-79.39714670000001,2100.0
366,1,1.0,0,M4V,43.6527574,-79.3665108,2480.0
367,1,1.0,1,M5E,43.6458091,-79.3756819,3000.0
368,1,1.0,0,M4V,43.6448637,-79.3990598,2250.0
369,1,1.0,0,M5V,43.647870000000005,-79.391138,1850.0
370,2,1.0,0,L7R,43.336221,-79.78690040000001,1750.0
372,2,2.0,0,M5E,43.6458091,-79.3756819,3400.0
373,1,1.0,0,M6K,43.640845500000005,-79.4143193,2180.0
374,1,1.0,0,M4Y,43.669450700000006,-79.38747049999999,2550.0
375,1,1.0,1,L3R,43.8413607,-79.3201494,1900.0
376,1,1.0,0,L6G,43.8561002,-79.3370188,1800.0
377,1,1.0,1,M5V,43.6385213,-79.39946379999999,2300.0
378,1,1.0,0,M5B,43.660846,-79.3787556,2250.0
379,1,1.0,0,M5E,43.6485726,-79.37627540000001,1900.0
380,1,1.0,0,L7J,43.6281687,-80.041462,1175.0
381,2,2.0,0,L6G,43.8497521,-79.32466629999999,2300.0
382,1,1.0,0,M5A,43.653075,-79.37017900000001,2000.0
383,1,1.0,1,M6H,43.6739944,-79.44168499999999,1650.0
384,2,1.0,0,M6J,43.6415686,-79.42460279999999,2889.0
385,2,2.0,0,M5B,43.6606054,-79.37863540000001,2800.0
386,1,1.0,0,M5T,43.6520426,-79.4022416,1300.0
387,2,1.0,0,L1H,43.892047399999996,-78.86086800000001,1250.0
388,1,1.0,0,M6J,43.65229779999999,-79.4069977,1300.0
389,2,1.0,0,L7R,43.336221,-79.78690040000001,1750.0
390,1,1.0,1,M5V,43.6400685,-79.39996040000001,2400.0
391,1,1.0,0,M5B,43.6606054,-79.37863540000001,2000.0
392,1,1.0,0,M5G,43.659329,-79.3826747,2350.0
393,2,2.0,0,M5B,43.656733200000005,-79.37515400000001,2900.0
394,2,2.0,0,M5J,43.6410868,-79.3814048,2900.0
395,2,2.0,0,M4Y,43.6652335,-79.3842932,3300.0
396,1,1.0,1,L5B,43.589760299999995,-79.6484562,2200.0
397,1,1.0,0,M5V,43.6469441,-79.3923973,1850.0
398,1,1.0,1,L5H,43.534070899999996,-79.6245936,2150.0
399,1,1.0,0,M5A,43.653978,-79.3541341,1900.0
400,1,1.0,0,M6K,43.638700299999996,-79.4121833,2200.0
402,3,2.0,0,M5V,43.6467641,-79.3922208,3200.0
403,1,1.0,0,M5E,43.6441737,-79.3894209,2500.0
404,1,1.5,0,m8v,43.6070571,-79.4949066,1200.0
405,1,1.0,0,m5e,43.645271,-79.37639509999998,2600.0
406,2,2.0,0,M4Y,43.6695928,-79.3805797,3575.0
407,2,1.0,0,M5V,43.6383175,-79.3977947,3200.0
408,2,1.0,0,M5V,43.6469441,-79.3923973,2500.0
409,1,1.0,0,M5B,43.6606054,-79.37863540000001,1850.0
410,1,1.0,0,M5V,43.6469441,-79.3923973,2100.0
411,1,1.0,0,L7S,43.3202733,-79.8031017,1575.0
412,1,1.0,0,M5B,43.6606054,-79.37863540000001,1950.0
413,1,1.0,0,M4Y,43.6660964,-79.3873217,2400.0
414,1,1.0,0,M5T,43.6524873,-79.3896218,1800.0
415,2,1.5,0,L1H,43.8975848,-78.8553098,1250.0
416,1,1.0,1,L6G,43.8533775,-79.32543129999999,1700.0
417,1,2.0,1,L5B,43.5904968,-79.63292870000001,2150.0
418,3,1.5,0,M6J,43.6411088,-79.419448,3450.0
419,1,1.0,1,M5V,43.6430505,-79.3916429,2150.0
420,2,1.0,0,L1H,43.8975848,-78.8553098,1350.0
421,2,1.0,0,M5A,43.6519582,-79.3688547,2550.0
422,1,1.0,0,M5V,43.6367593,-79.3978503,1900.0
423,1,1.0,1,m8v,43.62160170000001,-79.4828681,2450.0
424,1,1.0,1,M4Y,43.6618956,-79.3857479,2500.0
425,1,1.0,0,M5J,43.64005770000001,-79.379201,2800.0
426,1,1.0,0,L6G,43.8516467,-79.326656,1600.0
427,1,1.0,1,M5A,43.658981,-79.36291899999999,2099.0
428,1,1.0,1,M5A,43.652576399999994,-79.36706590000001,2350.0
429,1,1.0,0,M4V,43.688897100000005,-79.41198359999999,1617.0
430,1,1.0,0,M5T,43.654757700000005,-79.4008271,1750.0
431,2,2.0,0,M5G,43.660110700000004,-79.38588709999999,2950.0
432,2,2.0,0,M2N,43.761461100000005,-79.4098016,3000.0
433,1,1.0,0,M5E,43.6493806,-79.37453190000001,2200.0
434,2,2.0,0,L5B,43.5798725,-79.6462449,2300.0
435,1,1.0,0,M5A,43.6551919,-79.3539119,2200.0
436,1,1.0,0,M5A,43.6527574,-79.3665108,2450.0
437,1,1.0,0,M6H,43.65967929999999,-79.4292906,1857.0
438,1,1.0,0,M6H,43.65967929999999,-79.4292906,1757.0
439,1,1.0,0,M6H,43.65967929999999,-79.4292906,1597.0
440,1,1.0,0,M3H,43.7486405,-79.4371391,1817.0
441,1,1.0,0,M2R,43.771617299999996,-79.4432608,1717.0
442,2,1.0,0,M2R,43.771617299999996,-79.4432608,2017.0
443,2,1.0,0,M3H,43.7486405,-79.4371391,2177.0
444,1,1.0,0,M6H,43.6599474,-79.4308197,1857.0
445,1,1.0,0,M6H,43.6589956,-79.4296933,1757.0
446,1,1.0,0,M6H,43.6589956,-79.4296933,1717.0
447,1,1.0,0,M6H,43.6589956,-79.4296933,1597.0
448,1,1.0,0,M2J,43.7750925,-79.3490639,1927.0
449,1,1.5,1,L4A,43.971005,-79.24890090000001,1800.0
450,1,1.0,0,m4k,43.6718131,-79.34153909999999,2000.0
451,1,1.0,1,M5V,43.640863700000004,-79.39573929999999,2350.0
452,2,1.0,0,M6M,43.6911466,-79.4714355,1850.0
453,1,1.0,0,M5G,43.6608355,-79.3858556,750.0
454,1,1.0,0,M5E,43.6485726,-79.37627540000001,1850.0
455,2,1.0,0,M4Y,43.6644404,-79.37498190000001,2100.0
456,1,1.0,0,M5Y,43.653226000000004,-79.3831843,2800.0
457,2,2.0,0,L5B,43.5862105,-79.64292979999999,2450.0
458,3,2.0,0,M5V,43.6387842,-79.3988635,3500.0
459,1,1.0,1,M5V,43.6476244,-79.3968608,2700.0
460,1,1.0,0,M5V,43.640402,-79.39714670000001,2100.0
461,1,1.0,0,M6K,43.63982539999999,-79.4122306,2250.0
462,2,2.0,0,M6J,43.6413402,-79.41813940000002,3200.0
463,1,1.0,1,M5H,43.64738010000001,-79.3872741,2400.0
464,1,1.5,1,l3r,43.8571804,-79.3219101,1850.0
465,2,1.0,0,L1G,43.8982151,-78.8657053,1450.0
466,1,1.0,0,M5T,43.6531643,-79.3900311,2099.0
467,3,2.0,0,M3A,43.76348660000001,-79.34598359999998,2000.0
468,1,1.0,0,M5V,43.6434855,-79.39230450000001,2300.0
469,1,1.0,0,M5V,43.6469441,-79.3923973,2090.0
470,1,1.0,0,M5H,43.648841100000006,-79.3779693,2200.0
471,1,1.5,1,M5B,43.6606054,-79.37863540000001,2300.0
472,1,1.0,1,M4M,43.661062799999996,-79.35154150000001,2500.0
473,2,2.0,0,M5J,43.6456126,-79.38258540000001,3200.0
474,1,1.0,1,l5m,43.5634487,-79.7433173,2499.0
475,1,1.0,0,M4M,43.661062799999996,-79.35154150000001,2500.0
476,2,2.0,0,M5E,43.644408399999996,-79.37656170000001,3000.0
477,1,2.0,1,M5A,43.652330799999994,-79.3560136,2300.0
478,1,1.0,0,M5B,43.660846,-79.3787556,1850.0
479,1,2.0,0,M5H,43.6505597,-79.38207220000001,2800.0
480,1,1.0,0,,43.66878270000001,-79.3799595,1195.0
481,1,1.0,0,L6J,43.4495669,-79.66463879999999,1350.0
482,1,1.0,0,L3Z,44.1144545,-79.5676753,1100.0
483,1,1.0,0,L3Z,44.1144545,-79.5676753,1100.0
484,1,1.0,0,L3Z,44.1144545,-79.5676753,1100.0
485,1,1.0,0,M5H,43.6505597,-79.38207220000001,1900.0
486,2,1.0,0,L1X,43.8534989,-79.0801505,1730.0
487,1,1.0,0,911,43.6349738,-79.43518590000001,1429.0
488,1,1.0,1,M5J,43.6418891,-79.3837936,2400.0
489,1,1.0,1,M5S,43.6629771,-79.386217,2200.0
490,1,1.0,1,L5B,43.586412700000004,-79.6471538,1850.0
491,1,1.0,0,M5H,43.648742,-79.3868108,2400.0
492,1,1.0,0,M4J,43.6790089,-79.34389940000001,1300.0
493,1,1.0,0,M5J,43.6417851,-79.3790058,2600.0
494,1,1.0,0,M4Y,43.6676701,-79.389445,2410.0
495,2,1.0,0,M4Y,43.6676701,-79.389445,2915.0
496,2,1.0,0,L5A,43.592495299999996,-79.6324462,1700.0
497,1,1.0,0,M4Y,43.6676701,-79.389445,2035.0
498,2,2.0,0,L6T,43.7106966,-79.7272366,1780.0
499,1,1.0,1,M6K,43.64027720000001,-79.4241261,2200.0
500,1,1.5,0,L3Z,44.1210692,-79.5649097,925.0
501,1,1.0,0,M5V,43.6469441,-79.3923973,2150.0
502,1,1.0,0,L5B,43.581639100000004,-79.648193,1950.0
503,1,1.0,0,L7R,43.3267886,-79.7955236,2200.0
504,2,2.0,0,M5B,43.661198,-79.3816644,2800.0
505,1,1.0,0,M5B,43.661198,-79.3816644,2000.0
506,1,1.0,0,L7S,43.3267271,-79.8021823,1375.0
507,1,1.0,1,M3C,43.730692700000006,-79.32731940000001,1850.0
508,1,1.0,0,M5A,43.6583179,-79.36823570000001,1380.0
509,1,1.0,0,L3R,43.85631,-79.3286298,1800.0
510,1,1.0,0,,43.654262,-79.385975,2500.0
511,1,1.0,0,M5B,43.6598307,-79.3805207,2300.0
512,2,1.0,0,M5J,43.6416068,-79.3822802,1180.0
513,1,1.0,0,M5J,43.6415846,-79.3826205,2650.0
514,2,1.0,0,M6E,43.678467700000006,-79.4464682,2000.0
515,1,1.0,0,M5A,43.6565369,-79.3544975,2450.0
516,1,1.0,0,M5V,43.6489727,-79.3872946,2299.0
517,2,2.0,0,L6G,43.84993789999999,-79.3275055,2150.0
518,2,2.0,0,M5J,43.6410868,-79.3814048,2900.0
519,1,1.0,0,M5J,43.6410868,-79.3814048,2200.0
520,2,2.0,0,M5E,43.64310510000001,-79.375906,3200.0
521,1,1.0,0,M5V,43.647627299999996,-79.39040809999999,2650.0
522,2,2.0,0,M4Y,43.6652335,-79.3842932,3300.0
523,1,1.0,1,M5V,43.6400685,-79.39996040000001,2400.0
524,1,1.0,0,M5V,43.647632,-79.39296259999999,2100.0
525,1,1.0,0,M5T,43.6531643,-79.3900311,2480.0
526,1,1.0,0,M9N,43.7046478,-79.5275537,1520.0
527,1,1.0,0,M9N,43.7046478,-79.5275537,1520.0
528,1,1.0,0,M4Y,43.6683764,-79.3806431,1750.0
529,2,1.0,0,m8v,43.625159000000004,-79.47872029999999,2550.0
530,2,2.0,0,M4Y,43.6651058,-79.37690090000001,3200.0
531,1,1.0,0,M5V,43.6489001,-79.392205,2100.0
532,1,1.0,0,M5X,43.6484292,-79.3822802,1300.0
533,1,1.0,0,M5J,43.6419081,-79.38177979999999,2050.0
534,1,1.0,1,L6G,43.8521463,-79.3278873,1900.0
535,2,2.0,0,M5V,43.647870000000005,-79.391138,2350.0
536,1,1.0,0,M5H,43.6488576,-79.3781453,2750.0
537,1,1.0,0,M4Y,43.666559899999996,-79.3791219,1795.0
538,1,1.0,0,M4V,43.6867088,-79.3992577,1950.0
539,2,1.0,0,L9W,43.905986600000006,-80.09295290000001,1790.0
540,1,1.0,0,M5A,43.652058399999994,-79.37145749999999,2450.0
541,1,1.0,1,M5J,43.6406456,-79.380939,1830.0
542,1,1.0,0,M4Y,43.664843700000006,-79.3859297,2500.0
543,1,1.0,1,L4H,43.8297388,-79.56567790000001,2400.0
544,1,1.0,0,M5J,43.642546200000005,-79.37726550000001,1600.0
545,2,1.0,0,M5A,43.6594213,-79.36102509999999,1600.0
546,1,1.5,0,M5G,43.6550554,-79.3847211,2800.0
547,1,1.0,0,M4W,43.671081799999996,-79.38074350000001,1970.0
548,1,1.0,0,L1V,43.8413956,-79.09241750000001,1250.0
549,1,1.0,0,M5A,43.6527574,-79.3665108,2000.0
550,2,2.0,0,L3S,43.8427424,-79.2706616,2500.0
551,1,1.0,0,M5B,43.6621286,-79.37695759999998,1305.0
552,1,1.0,1,M5E,43.6458091,-79.3756819,2600.0
553,1,1.0,0,M5A,43.6527574,-79.3665108,2200.0
554,1,1.0,0,M5J,43.6418726,-79.3819064,2450.0
555,1,1.0,0,M5R,43.670320200000006,-79.39443320000001,1900.0
556,2,2.0,0,M5A,43.6551919,-79.3539119,3000.0
557,1,1.0,0,M5J,43.643136600000005,-79.3805285,2200.0
558,1,1.0,0,M4W,43.671081799999996,-79.38074350000001,1650.0
559,1,1.0,0,L4L,43.78995,-79.5461535,1950.0
560,1,1.0,1,L6G,43.8533775,-79.32543129999999,1700.0
561,1,1.0,0,M5B,43.6606054,-79.37863540000001,1950.0
562,1,1.0,0,M8Y,43.6232891,-79.48369509999999,1950.0
563,2,2.0,0,M5B,43.6619074,-79.3782085,4000.0
564,1,1.0,0,M5V,43.6439201,-79.3994776,2700.0
565,1,1.0,0,M6S,43.661108299999995,-79.4987507,1100.0
566,1,1.0,0,M5b,43.6598307,-79.3805207,1000.0
567,2,2.0,0,L4K,43.7956959,-79.5203179,2500.0
568,1,1.0,1,M5V,43.6397355,-79.3904175,2600.0
569,1,1.0,1,l4n,43.653978,-79.3541341,2250.0
570,1,1.0,1,M5T,43.6524331,-79.3888604,2400.0
571,2,1.0,0,L5A,43.5942563,-79.6029457,1850.0
572,2,1.0,0,L6X,43.683063,-79.771759,1350.0
573,1,1.0,0,M5v,43.6469441,-79.3923973,2050.0
574,1,2.0,0,M5V,43.6453398,-79.4021851,2650.0
575,1,1.0,1,m1g,43.7672565,-79.22273390000001,1860.0
576,3,2.0,0,L5A,43.5942563,-79.6029457,2100.0
577,3,2.0,0,M5V,43.650340299999996,-79.3876465,3900.0
578,1,1.0,0,M5V,43.6434855,-79.39230450000001,2100.0
579,2,1.0,0,M6K,43.634354200000004,-79.4352696,1779.0
580,1,1.0,0,M6K,43.63828839999999,-79.4360532,1929.0
581,1,1.0,0,M5B,43.660456599999996,-79.37849720000001,2000.0
582,2,2.0,0,L7S,43.317316399999996,-79.8051158,3200.0
583,2,2.0,0,M6K,43.6356261,-79.4268735,2800.0
584,1,1.0,0,M8W,43.592136100000005,-79.5326816,1750.0
585,1,1.0,0,M4Y,43.6673847,-79.3826756,1568.0
586,1,1.0,0,M5S,43.6665804,-79.40093940000001,1200.0
587,2,2.0,0,L7R,43.338737,-79.8100685,2200.0
588,1,1.0,0,M5V,43.6469441,-79.3923973,2050.0
589,2,2.0,0,M5J,43.642282,-79.38282650000001,3150.0
590,1,1.0,0,M5V,43.6447693,-79.3970587,1600.0
591,1,1.0,0,M6G,43.6667107,-79.40435079999999,1500.0
592,1,1.0,0,M5J,43.6426791,-79.3769938,1900.0
593,1,1.0,0,M6B,43.7147936,-79.4283233,1750.0
594,2,2.0,0,M5V,43.6460058,-79.38990849999999,3100.0
595,1,1.0,1,M5V,43.64140820000001,-79.3912531,2950.0
596,3,1.0,0,L2E,43.104125700000004,-79.0654766,1350.0
597,1,1.0,0,M5V,43.64514929999999,-79.39081329999999,1300.0
598,2,2.0,0,M5A,43.6594213,-79.36102509999999,2600.0
599,2,1.0,0,M5V,43.645641,-79.39295340000001,1900.0
600,2,2.0,0,L6G,43.853914200000006,-79.3381945,2300.0
601,1,1.0,0,M4Y,43.6616824,-79.3833791,2200.0
602,1,1.0,0,M5J,43.6418064,-79.3789807,2500.0
603,1,2.0,0,M5V,43.640402,-79.39714670000001,3600.0
604,1,1.0,0,M4Y,43.6691531,-79.3873723,2050.0
605,1,1.0,0,M4Y,43.668799799999995,-79.3759678,1600.0
606,1,1.0,0,M5J,43.6397444,-79.3837757,2300.0
607,1,1.0,1,M6R,43.6520027,-79.4492618,2250.0
608,2,2.0,0,M5V,43.6487831,-79.3880423,4050.0
609,2,2.0,0,M5V,43.6487831,-79.3880423,4100.0
610,1,1.0,0,M6B,43.7087795,-79.4447062,850.0
611,1,1.0,1,M5G,43.6568825,-79.3835616,2000.0
612,3,2.0,0,M5J,43.6415283,-79.3833016,4200.0
613,1,1.0,1,M5V,43.6469126,-79.3902415,2300.0
614,2,1.5,0,M5V,43.6421316,-79.4013687,2300.0
615,1,1.0,1,M5S,43.6629771,-79.386217,2200.0
616,2,2.0,0,L3R,43.856879600000006,-79.324595,2475.0
617,1,1.0,0,L5M,43.5494504,-79.719706,1750.0
618,2,2.0,0,M5J,43.6421671,-79.3819283,2800.0
619,1,1.0,0,L5M,43.5494504,-79.719706,1750.0
620,1,1.0,1,M6K,43.64027720000001,-79.4241261,2200.0
621,1,1.0,0,316,43.856879600000006,-79.324595,1690.0
622,1,1.0,0,M6K,43.6398173,-79.43737970000001,1849.0
623,1,1.0,0,M5J,43.6418726,-79.3819064,2100.0
624,1,1.0,1,L9V,44.079119,-80.2011728,1300.0
625,1,1.0,0,M5V,43.6454236,-79.3962213,2200.0
626,1,1.0,0,M8Y,43.624733500000005,-79.4995337,1450.0
627,1,1.0,1,M5T,43.6524331,-79.3888604,2545.0
628,1,1.0,0,,44.5007687,-80.2169047,1750.0
629,1,1.0,1,M5A,43.653890600000004,-79.36895109999999,2450.0
630,2,2.0,0,M9C,43.6394963,-79.5640901,2200.0
631,2,2.0,0,M5H,43.6505597,-79.38207220000001,2800.0
632,1,1.0,1,M9B,43.6690744,-79.3911301,1799.0
633,1,1.0,0,M5A,43.653978,-79.3541341,2050.0
634,2,1.0,0,L1N,43.8792747,-78.9346733,1350.0
635,1,1.0,1,L4A,43.971005,-79.24890090000001,1675.0
636,1,1.0,1,M5J,43.6415846,-79.3826205,2350.0
637,1,1.0,0,M6J,43.6428951,-79.4281018,2000.0
638,1,1.0,0,M4Y,43.66703,-79.37638620000001,2300.0
639,3,2.0,0,M5B,43.6606054,-79.37863540000001,3200.0
640,1,1.0,0,M5V,43.6361646,-79.4033004,2200.0
641,1,1.0,0,M6K,43.6391261,-79.41922209999998,1900.0
642,2,1.0,0,M5V,43.6412101,-79.3938921,2600.0
643,2,1.0,0,M6H,43.665271000000004,-79.4476835,2600.0
644,1,1.0,0,M5T,43.651579299999995,-79.39008000000001,3750.0
645,2,1.0,0,L1G,43.8978185,-78.863977,1250.0
646,1,1.0,0,M5T,43.651579299999995,-79.39008000000001,2500.0
647,2,1.5,0,M3N,43.748556799999996,-79.506065,1300.0
648,1,1.0,0,M5E,43.6460983,-79.37605490000001,2250.0
649,1,1.0,1,L1A,43.9514277,-78.294416,1200.0
650,1,1.0,1,M5S,43.6653563,-79.387999,2300.0
651,1,1.0,0,m5s,43.6659564,-79.4047989,650.0
652,2,1.0,0,L7S,43.3267271,-79.8021823,2975.0
653,1,1.0,0,M5T,43.651955,-79.38964770000001,2000.0
654,1,1.0,0,M5V,43.6452974,-79.3923967,4700.0
655,1,1.0,0,M5J,43.6418064,-79.3789807,2550.0
656,1,1.0,1,M3J,43.7505012,-79.4639723,1950.0
657,2,2.0,0,M5J,43.6415846,-79.3826205,3100.0
658,2,2.0,0,L1C,43.91379129999999,-78.68786920000001,1850.0
659,1,2.0,0,M5A,43.650059999999996,-79.3578814,1500.0
660,1,1.0,0,M4Y,43.6692283,-79.37994880000001,1480.0
661,3,2.0,0,M6G,43.6723273,-79.4287263,4625.0
662,1,1.0,1,M5A,43.6527574,-79.3665108,2200.0
663,1,2.0,1,M8V,43.627447100000005,-79.4783741,2350.0
664,1,1.0,0,M5V,43.6469441,-79.3923973,2050.0
665,1,1.0,0,M4Y,43.6655881,-79.383028,2100.0
666,1,1.0,0,M4Y,43.6655881,-79.383028,2100.0
667,2,2.0,0,M5V,43.6344756,-79.4015886,3300.0
668,2,2.0,0,M5E,43.6458091,-79.3756819,4000.0
669,1,1.0,1,L5B,43.588602,-79.63170040000001,1875.0
670,1,1.0,0,m5s,43.6680834,-79.3906814,2525.0
671,1,1.0,0,M6K,43.638306799999995,-79.4147858,2100.0
672,1,1.0,0,K9A,43.960158899999996,-78.16483640000001,850.0
673,1,1.0,0,M5V,43.644628600000004,-79.3929331,2300.0
674,2,2.0,0,L6G,43.84993789999999,-79.3275055,2450.0
675,2,1.0,0,M6K,43.6474943,-79.43599499999999,2750.0
676,1,1.0,0,M5R,43.672734999999996,-79.4023802,1900.0
677,1,1.0,0,M5S,43.6616564,-79.4099423,1700.0
678,1,1.0,0,m5r,43.682588,-79.417815,2450.0
679,1,1.0,0,M4Y,43.6676141,-79.38645890000001,2500.0
680,1,1.0,0,M5V,43.6394055,-79.3932324,2300.0
681,2,1.0,0,M6J,43.6420242,-79.42305970000001,2800.0
682,1,1.0,0,M5A,43.6583179,-79.36823570000001,1380.0
683,1,1.0,1,M5V,43.6405271,-79.397104,2350.0
684,1,1.0,0,M5H,43.6505597,-79.38207220000001,2050.0
685,1,1.0,0,M5V,43.6413078,-79.4000933,850.0
686,2,2.0,0,M5V,43.6366681,-79.40044509999998,2600.0
687,1,1.0,1,m5v,43.6468281,-79.40242409999999,2300.0
688,1,1.5,0,M9A,43.647139700000004,-79.5265814,1550.0
689,1,1.0,0,M4E,43.680601700000004,-79.2893327,1600.0
690,2,2.0,0,M4y,43.66385220000001,-79.38411529999999,2600.0
691,2,1.0,0,M5B,43.66053970000001,-79.37866170000001,2800.0
692,1,1.0,0,M5G,43.6575221,-79.3899928,1750.0
693,1,1.0,0,M5V,43.6394055,-79.3932324,2000.0
694,3,1.0,0,m5t,43.6486411,-79.40119279999999,3600.0
695,3,2.0,0,M5J,43.6419081,-79.38177979999999,3800.0
696,2,2.0,0,M3C,43.7206419,-79.3493968,2400.0
697,1,1.0,0,M5J,43.640024700000005,-79.3812245,2200.0
698,2,2.0,0,M5J,43.6406456,-79.380939,3200.0
699,1,1.0,1,M5J,43.6418726,-79.3819064,2300.0
700,2,1.0,0,L1J,43.8946417,-78.8696396,1300.0
701,1,1.0,0,M5V,43.6387842,-79.3988635,2600.0
702,3,3.0,0,M4R,43.707319700000006,-79.4002252,1300.0
703,2,2.0,0,M5J,43.6418064,-79.3789807,2950.0
704,1,1.0,0,M5H,43.6488576,-79.3781453,2350.0
705,2,1.0,0,M6J,43.6415328,-79.4240715,2400.0
706,1,1.0,0,M4W,43.6721931,-79.38786640000001,2000.0
707,1,1.0,0,911,43.6349738,-79.43518590000001,1729.0
708,1,1.0,0,N1H,43.544619299999994,-80.2473831,975.0
709,2,1.0,0,L6K,43.4443781,-79.68306700000001,1700.0
710,2,2.0,0,M5V,43.6467641,-79.3922208,2500.0
711,2,2.0,0,M2N,43.756589500000004,-79.4054146,2350.0
712,1,1.0,0,M4Y,43.6678174,-79.3831111,1750.0
713,2,1.0,0,M4Y,43.6678174,-79.3831111,2850.0
714,2,2.0,0,L6K,43.4422541,-79.6731017,2800.0
715,1,2.0,1,M8V,43.627447100000005,-79.4783741,2450.0
716,1,1.0,0,L6G,43.850094,-79.3234946,1850.0
717,2,2.0,0,L6G,43.850094,-79.3234946,2150.0
718,1,1.0,1,M5V,43.6464345,-79.3918689,2450.0
719,1,1.0,0,M5V,43.6464345,-79.3918689,2450.0
720,1,1.0,0,M5J,43.6410868,-79.3814048,2150.0
721,1,1.0,1,M5J,43.6418064,-79.3789807,2600.0
722,1,1.0,0,M5V,43.644460200000005,-79.4024689,2200.0
723,1,1.0,0,M4Y,43.669300899999996,-79.3841709,2400.0
724,2,2.0,0,M1T,43.7789286,-79.3241989,2500.0
725,1,1.0,0,M5G,43.6539487,-79.3885701,1900.0
726,1,1.0,0,M5C,43.652812,-79.3733062,1975.0
727,1,1.0,0,L4C,43.875774299999996,-79.4214372,900.0
728,2,2.0,0,m5v,43.637287,-79.396355,2800.0
729,1,1.0,0,M6K,43.6398173,-79.43737970000001,1449.0
730,2,2.0,0,M5V,43.6487831,-79.3880423,4000.0
731,1,1.0,0,M5E,43.6413595,-79.37251450000001,2100.0
732,1,1.0,0,M5E,43.6460983,-79.37605490000001,2250.0
733,1,1.0,1,M5V,43.6469441,-79.3923973,2300.0
734,2,2.0,0,M6K,43.6367119,-79.4206384,2000.0
735,2,2.0,0,M5A,43.6527574,-79.3665108,2775.0
736,1,1.0,1,M6J,43.6423708,-79.42419050000001,2000.0
737,1,1.0,1,M6J,43.6423708,-79.42419050000001,2000.0
738,2,1.0,0,M5B,43.6578373,-79.38060870000001,1200.0
739,1,1.0,0,M4M,43.665172999999996,-79.3410685,2100.0
740,1,1.0,1,M8Y,43.624305299999996,-79.488423,2100.0
741,2,1.0,0,L1H,43.8849512,-78.83260159999999,1350.0
742,2,1.0,0,M5S,43.6672109,-79.3891532,3099.0
743,2,2.0,0,K9A,43.960557,-78.164838,1200.0
744,1,1.0,0,M5V,43.6387842,-79.3988635,2600.0
745,2,2.0,0,L4Z,43.5949126,-79.63573609999999,2299.0
746,1,1.0,0,M5V,43.6393466,-79.3997415,2150.0
747,1,1.0,0,M5B,43.654393799999994,-79.3759018,1930.0
748,3,1.0,0,M6K,43.6403508,-79.42752159999999,2707.0
749,1,1.0,0,M5A,43.652058399999994,-79.37145749999999,2500.0
750,1,1.0,1,M5V,43.641365500000006,-79.3914457,2300.0
751,2,2.0,0,M6J,43.6437964,-79.4284926,2000.0
752,1,2.0,1,M8V,43.627447100000005,-79.4783741,2450.0
753,1,1.0,0,L7J,43.6302091,-80.04104570000001,1150.0
754,2,1.0,0,M6K,43.638399299999996,-79.41444820000001,2699.0
755,1,1.0,0,M5V,43.6375235,-79.40087700000001,2400.0
756,1,1.0,1,L6G,43.8528627,-79.3386881,1800.0
757,1,1.0,1,M5E,43.6460983,-79.37605490000001,2450.0
758,1,1.0,0,M9A,43.647139700000004,-79.5265814,1400.0
759,2,2.0,0,M5A,43.6551919,-79.3539119,4000.0
760,1,1.0,0,M5J,43.6417851,-79.3790058,2300.0
761,1,1.0,0,M4V,43.686511200000005,-79.39952159999999,150.0
762,1,1.0,0,M5V,43.645396000000005,-79.3942439,1900.0
763,2,2.0,0,M5V,43.645396000000005,-79.3942439,2500.0
764,1,1.0,0,M5V,43.6475126,-79.3927022,1600.0
765,2,2.0,0,M5A,43.6527574,-79.3665108,3500.0
766,1,1.0,0,M5G,43.6515926,-79.3875585,1700.0
767,1,1.0,1,M9C,43.6095324,-79.5570952,2100.0
768,2,1.0,0,L1G,43.931288,-78.8862875,1500.0
769,1,1.0,0,L1m,43.9487179,-78.94791590000001,1350.0
770,1,1.0,0,M4W,43.670811,-79.3852395,1699.0
771,1,1.0,0,M5H,43.64955689999999,-79.38722829999999,2200.0
772,1,1.0,0,M5B,43.6598307,-79.3805207,1700.0
773,1,1.0,0,m4y,43.6641794,-79.37550590000001,2100.0
774,1,1.0,0,M5S,43.6647727,-79.38698670000001,2000.0
775,1,1.0,0,M5V,43.6351036,-79.40101329999999,2100.0
776,2,2.0,0,M5B,43.655111,-79.3756429,2990.0
777,1,1.0,0,M5V,43.6469441,-79.3923973,2200.0
778,1,1.0,0,M5V,43.6460058,-79.38990849999999,1900.0
779,1,1.0,0,M6J,43.6428951,-79.4281018,2000.0
780,1,1.0,0,M6J,43.6423708,-79.42419050000001,2000.0
781,2,2.0,0,M6J,43.6423708,-79.42419050000001,2000.0
782,3,1.0,0,L3Y,44.0570506,-79.4555118,1900.0
783,2,2.0,0,L1G,43.8999695,-78.8601161,2395.0
784,1,1.0,0,M6J,43.6428951,-79.4281018,2000.0
785,2,2.0,0,M6K,43.636538200000004,-79.41931,2000.0
786,1,1.0,0,M5V,43.6487831,-79.3880423,2250.0
787,1,1.0,1,L4K,43.7957594,-79.5204723,1850.0
788,1,1.0,0,M5R,43.6700064,-79.3976944,1760.0
789,2,2.0,0,M5H,43.650091700000004,-79.3873738,3600.0
790,1,1.0,0,M5A,43.6527574,-79.3665108,2050.0
791,2,2.0,0,M5A,43.6531574,-79.3686431,2950.0
792,2,1.0,0,,43.52812410000001,-79.866827,2000.0
793,1,2.0,0,M5V,43.6402232,-79.395951,2500.0
794,1,1.0,0,M4Y,43.6652335,-79.3842932,99.0
795,1,1.0,0,M5E,43.6458091,-79.3756819,2650.0
796,2,1.0,0,M6G,43.6661636,-79.4276187,2400.0
797,1,1.0,0,M5E,43.64310510000001,-79.375906,2250.0
798,1,1.0,0,M5V,43.6489727,-79.3872946,2350.0
799,2,2.0,0,M2K,43.765860499999995,-79.3855003,2650.0
800,1,1.0,1,M5A,43.652576399999994,-79.36706590000001,2450.0
801,2,2.0,0,M5G,43.658896999999996,-79.383798,2950.0
802,1,1.0,0,M4S,43.69840429999999,-79.3948245,2800.0
803,1,1.0,0,M4Y,43.6687589,-79.3812685,1850.0
804,1,1.0,0,L7S,43.3264539,-79.8003871,1750.0
805,1,1.0,0,M5B,43.6606054,-79.37863540000001,2250.0
806,1,1.0,1,M5V,43.639096200000004,-79.3864748,2600.0
807,2,2.0,0,M8V,43.626965999999996,-79.4784876,3000.0
808,1,1.0,1,M1N,43.692657000000004,-79.2648481,1200.0
809,2,2.0,0,M5V,43.6375235,-79.40087700000001,3500.0
810,2,2.0,0,M5H,43.6505597,-79.38207220000001,3000.0
811,1,1.0,0,L5B,43.5860554,-79.6442402,2000.0
812,1,1.0,0,L7R,43.3349584,-79.8078173,1275.0
813,2,1.0,0,L7S,43.328985499999995,-79.80861829999999,1600.0
814,1,1.0,0,602,43.6468787,-79.39721259999999,2900.0
815,1,1.0,0,M5V,43.653226000000004,-79.3831843,2000.0
816,1,2.0,0,,43.658689200000005,-79.4125775,65.0
817,1,1.0,1,L5B,43.5860554,-79.6442402,2000.0
818,1,1.0,1,M5V,43.647627299999996,-79.39040809999999,2350.0
819,1,1.0,0,M5J,43.6417851,-79.3790058,2550.0
820,1,1.0,0,M4E,43.6777793,-79.28619309999999,1300.0
821,1,2.0,1,L4L,43.7827052,-79.58129100000001,1900.0
822,1,1.0,0,L3Z,44.1114574,-79.57008259999999,1000.0
823,1,1.0,0,M5V,43.6374082,-79.40664609999999,1900.0
824,1,1.0,0,M5C,43.6521506,-79.3754775,2300.0
825,1,1.0,0,M4Y,43.6659283,-79.383465,2100.0
826,2,1.0,0,K9A,43.961937,-78.168754,1450.0
827,1,1.0,0,M5B,43.6576911,-79.3801612,1800.0
828,1,1.0,0,M6K,43.6359631,-79.43574890000001,1595.0
829,3,3.0,0,M6H,43.673016700000005,-79.4399334,2500.0
830,2,2.0,0,M5G,43.659329,-79.3826747,2100.0
831,1,1.0,1,M5V,43.641365500000006,-79.3914457,2700.0
832,1,1.0,0,M4X,43.6679021,-79.3756819,2600.0
833,2,2.0,0,M5G,43.6601367,-79.3858692,2950.0
834,2,2.0,0,M5A,43.6601526,-79.3648897,2800.0
835,1,1.0,0,M4Y,43.6695928,-79.3805797,1850.0
836,2,2.0,0,M5E,43.644408399999996,-79.37656170000001,2500.0
837,2,2.0,0,M5C,43.6490882,-79.3762537,3400.0
838,2,2.0,0,M4Y,43.6695928,-79.3805797,3100.0
839,2,1.0,0,L7S,43.320557,-79.803979,1600.0
840,1,1.0,1,L5B,43.585168200000005,-79.64606690000001,2050.0
841,2,2.0,0,L7S,43.33245529999999,-79.8093698,1532.0
842,1,1.0,0,L7R,43.3278672,-79.7872536,2195.0
843,1,1.0,1,M5V,43.6403804,-79.3973372,2150.0
844,1,1.0,0,M5H,43.648953000000006,-79.3857683,4000.0
846,1,1.0,0,M4C,43.6952964,-79.300604,800.0
847,1,1.0,1,M5V,43.647870000000005,-79.391138,3300.0
848,1,1.0,1,L6G,43.851408899999996,-79.3256954,1800.0
849,2,1.0,0,L1H,43.885455,-78.8354375,1000.0
850,1,1.0,0,M5E,43.644408399999996,-79.37656170000001,2200.0
851,1,1.0,1,M5E,43.6485726,-79.37627540000001,2450.0
852,3,1.0,0,L7R,43.336221,-79.78690040000001,2349.0
853,1,1.0,0,M5J,43.6428849,-79.3806168,2300.0
854,2,2.0,0,M5J,43.642282,-79.38282650000001,3000.0
855,2,2.0,0,L3R,43.85631,-79.3286298,2500.0
856,1,1.0,0,M5J,43.6455289,-79.3837757,1500.0
857,1,1.0,0,M5J,43.6419081,-79.38177979999999,2050.0
858,2,2.0,0,M5V,43.643987700000004,-79.4014038,2800.0
859,3,2.5,0,K9A,43.965672999999995,-78.1577347,1800.0
860,1,1.0,0,K9A,43.958753,-78.1772499,1050.0
861,2,2.0,0,L6J,43.4497718,-79.6652527,2200.0
862,1,1.0,0,K0K,44.0060219,-77.88815240000001,1000.0
863,1,1.0,0,M4Y,43.6658263,-79.38399390000001,1860.0
864,1,1.0,1,M5V,43.6469441,-79.3923973,2350.0
865,3,2.0,0,l6x,43.6848515,-79.77555770000001,1900.0
866,2,3.0,0,400,43.6546239,-79.3790756,2800.0
867,1,1.0,0,M5V,43.64595429999999,-79.4039853,1800.0
868,3,1.0,0,M5B,43.6606054,-79.37863540000001,3200.0
869,2,1.0,0,M5V,43.6400685,-79.39996040000001,2800.0
870,1,1.0,0,M5V,43.645050299999994,-79.39134109999999,3000.0
871,1,1.0,0,M4Y,43.6683764,-79.3806431,1900.0
872,1,1.0,0,L7R,43.3277142,-79.78896429999999,1425.0
873,2,1.0,0,M5H,43.6525485,-79.38351180000001,2200.0
874,1,1.0,0,M6h,43.659192499999996,-79.4308293,1650.0
875,1,1.0,0,M5N,43.717321000000005,-79.42485,900.0
876,1,1.0,0,M8V,43.6249946,-79.4790453,2200.0
877,1,1.0,1,M6K,43.641579,-79.4159028,2350.0
878,1,1.0,0,M5V,43.64393870000001,-79.4014775,1900.0
879,1,1.0,1,M5V,43.6469441,-79.3923973,2400.0
880,1,1.0,0,M5V,43.6402232,-79.395951,2200.0
881,1,1.0,0,L4C,43.8751012,-79.4377534,1300.0
882,2,2.0,0,M5V,43.6404783,-79.3949699,3130.0
883,1,1.0,0,L6a,43.653226000000004,-79.3831843,2000.0
884,1,1.0,0,M5V,43.6475126,-79.3927022,3750.0
885,2,2.0,0,M6K,43.6374534,-79.41838659999999,2500.0
886,1,1.0,0,M5A,43.6525889,-79.36771929999999,1500.0
887,1,1.0,0,M5A,43.6525889,-79.36771929999999,1600.0
888,1,1.0,0,L6X,43.683063,-79.771759,1025.0
889,1,1.0,1,M5V,43.6404402,-79.3918535,2550.0
890,1,1.0,0,M5J,43.6418726,-79.3819064,3300.0
891,1,1.0,0,M4X,43.6701586,-79.3756379,1450.0
892,1,1.0,0,M5J,43.6418726,-79.3819064,3300.0
893,1,1.0,1,M4Y,43.6659283,-79.383465,2680.0
894,1,1.0,1,M5A,43.652499299999995,-79.36696090000001,2300.0
895,2,1.0,0,M5J,43.6419081,-79.38177979999999,2600.0
896,1,1.0,0,M8V,43.5971347,-79.52328320000001,1000.0
897,1,1.0,1,M5A,43.6527574,-79.3665108,2300.0
898,2,1.0,0,M5V,43.6430555,-79.3961791,1700.0
899,2,2.0,0,M5V,43.6363456,-79.404535,2800.0
900,1,1.0,1,M8V,43.62382120000001,-79.47872790000001,2100.0
901,1,1.0,0,M5v,43.640526,-79.3949037,1600.0
902,3,3.0,0,M4X,43.6715933,-79.37508340000001,4500.0
903,1,1.0,0,M5T,43.6569138,-79.3945078,1200.0
904,2,1.0,0,l6x,43.6848515,-79.77555770000001,1450.0
905,1,1.0,0,M5V,43.643845899999995,-79.391824,2400.0
906,1,1.0,0,L3P,43.8777664,-79.26246979999999,1750.0
907,1,2.0,1,M5A,43.653978,-79.3541341,2350.0
908,3,1.5,0,L7S,43.320557,-79.803979,1850.0
909,1,1.0,0,M4Y,43.6641794,-79.37550590000001,1700.0
910,1,1.0,0,M5V,43.643845899999995,-79.391824,2400.0
911,1,1.5,1,M5V,43.6449299,-79.3921465,2650.0
912,2,1.0,0,M5B,43.66053970000001,-79.37866170000001,2700.0
913,1,1.0,0,M5R,43.675507200000006,-79.41500090000001,1100.0
914,1,1.0,0,M5A,43.659217600000005,-79.35579609999999,1600.0
915,2,2.0,0,M4Y,43.6657528,-79.3855792,3200.0
916,3,1.0,0,L1G,43.899780299999996,-78.86306359999999,1650.0
918,1,1.0,0,M5V,43.6410109,-79.4012807,2100.0
919,2,1.0,0,m5a,43.653226000000004,-79.3831843,2000.0
920,2,2.0,0,M2K,43.765860499999995,-79.3855003,2600.0
921,1,1.0,0,M5V,43.6407261,-79.3955671,1950.0
923,1,1.0,0,M6J,43.641596500000006,-79.4234431,850.0
924,1,1.0,0,M4W,43.679042700000004,-79.37653459999999,2350.0
925,1,1.0,0,M4Y,43.6676141,-79.38645890000001,2500.0
926,2,1.0,0,L1J,43.8791605,-78.86024880000001,1295.0
927,1,1.0,0,M6H,43.662091,-79.4332913,935.0
928,1,1.0,0,M6K,43.638763899999994,-79.4162418,2200.0
929,3,2.0,0,M1L,43.7038237,-79.2717186,1700.0
930,1,1.0,1,M5A,43.65739179999999,-79.37031490000001,1650.0
931,1,1.0,0,M5V,43.6489727,-79.3872946,2100.0
932,2,2.0,0,,43.6572984,-79.3843645,1500.0
933,1,1.0,0,M5B,43.659534,-79.3773535,2000.0
934,1,1.0,0,L3T,43.8415157,-79.3928791,1700.0
935,2,1.5,0,M5G,43.6568825,-79.3835616,3000.0
936,1,1.0,1,M5H,43.6488576,-79.3781453,2750.0
937,2,2.0,0,M5V,43.64618839999999,-79.3972358,3950.0
938,1,1.0,0,M5H,43.64894,-79.378086,2390.0
939,1,1.0,0,M6H,43.662091,-79.4332913,935.0
940,1,1.0,0,M5V,43.6489727,-79.3872946,2150.0
941,3,2.0,0,M5J,43.6419081,-79.38177979999999,4900.0
943,1,1.0,0,M5R,43.6709659,-79.3905934,3620.0
944,1,1.0,0,M6H,43.6672287,-79.4375116,1600.0
945,1,1.0,0,M8X,43.64717460000001,-79.5202966,1950.0
946,2,2.0,0,M5A,43.653978,-79.3541341,2800.0
947,1,1.0,0,M5E,43.6494165,-79.3745473,1900.0
948,1,1.0,1,L6X,43.6852857,-79.7614922,1900.0
949,1,1.0,0,M5B,43.65470379999999,-79.3789125,1980.0
950,1,1.0,0,M5B,43.6578373,-79.38060870000001,800.0
951,1,1.0,0,M6H,43.66945689999999,-79.432457,1509.0
953,1,1.0,0,M5V,43.647225899999995,-79.3911003,2500.0
954,1,1.0,0,M5V,43.647870000000005,-79.391138,2200.0
955,1,1.0,0,M6K,43.6396381,-79.41310370000001,1700.0
956,2,1.0,0,L7S,43.3267271,-79.8021823,2500.0
957,1,2.0,1,M5A,43.6598236,-79.36272729999999,2475.0
958,1,1.0,0,M5J,43.6415283,-79.3833016,2400.0
959,1,1.0,0,M4B,43.7093349,-79.34166379999999,1200.0
960,1,1.0,0,M5H,43.648742299999995,-79.37849720000001,1600.0
961,3,2.0,0,L4K,43.795462,-79.521097,2000.0
962,2,2.0,0,M5V,43.6387842,-79.3988635,3200.0
963,2,1.0,0,M4Y,43.666751500000004,-79.37623549999999,2699.0
964,2,1.0,0,M9C,43.6092724,-79.557008,2300.0
965,1,1.0,0,M5R,43.673962200000005,-79.40163249999999,1800.0
966,1,1.0,0,M5B,43.6546239,-79.3790756,2250.0
967,2,2.0,0,M5S,43.6669805,-79.38888890000001,3500.0
968,2,1.0,0,M5J,43.6417851,-79.3790058,2600.0
969,1,1.0,1,M5J,43.6417851,-79.3790058,2600.0
970,1,1.0,0,M2N,43.769790500000006,-79.4160562,1700.0
971,2,2.0,0,M4Y,43.665234000000005,-79.3839957,3300.0
972,1,1.0,0,M5G,43.6565308,-79.38600490000002,1550.0
973,1,2.0,1,M8V,43.627447100000005,-79.4783741,99.0
974,1,1.0,0,M5T,43.6544346,-79.3905934,2400.0
975,2,2.0,0,L6G,43.84968,-79.3284796,2300.0
976,1,1.0,0,L7S,43.3267271,-79.8021823,1475.0
977,1,1.0,1,M5V,43.6409179,-79.3939821,2200.0
978,1,1.0,0,M2M,43.7959865,-79.4158363,1600.0
979,3,1.0,0,L1H,43.8884619,-78.955097,1550.0
980,1,1.0,0,M4Y,43.6676141,-79.38645890000001,2099.0
981,1,1.0,1,,43.8561002,-79.3370188,2000.0
982,1,1.0,0,L3R,43.8569862,-79.324551,1900.0
983,1,1.0,1,l1w,43.8275826,-79.0913806,1700.0
984,1,1.0,0,M5V,43.6397355,-79.3904175,2200.0
986,2,2.0,0,M5V,43.6460058,-79.38990849999999,3050.0
987,2,1.5,0,M5V,43.6476349,-79.39248359999999,1200.0
988,1,1.0,0,m4b,43.70519,-79.3238468,700.0
989,1,1.0,1,M5J,43.6410868,-79.3814048,2450.0
990,1,1.0,1,M5V,43.6469441,-79.3923973,2250.0
991,1,1.0,0,M5a,43.65739179999999,-79.37031490000001,1500.0
992,1,1.0,0,M6N,43.6774284,-79.45790720000001,1000.0
993,1,1.0,0,M5T,43.6575473,-79.40146429999999,2050.0
994,1,1.0,0,M5J,43.639755799999996,-79.3772708,2400.0
995,1,1.0,0,4kM,43.6409127,-79.3939235,1900.0
996,1,1.0,1,M5V,43.6469441,-79.3923973,2250.0
997,2,2.0,0,M5E,43.6459244,-79.37532990000001,1500.0
998,1,1.0,0,M5V,43.63859229999999,-79.40099479999999,1900.0
999,1,1.0,0,M5B,43.6546239,-79.3790756,2250.0
1000,2,2.0,0,M5A,43.6551919,-79.3539119,3000.0
1001,1,2.0,0,253,43.6577965,-79.39896490000001,1850.0
1002,1,1.0,0,M5A,43.6527574,-79.3665108,2050.0
1003,1,1.0,0,M5S,43.6626956,-79.4000493,1000.0
1004,1,1.0,0,M5V,43.6385213,-79.39946379999999,2450.0
1005,1,1.0,1,M5V,43.6465174,-79.3872066,3600.0
1006,1,1.0,0,M5V,43.6490235,-79.3884001,2200.0
1007,1,1.0,0,M5V,43.6364097,-79.40200340000001,1800.0
1008,2,2.0,0,M5E,43.644408399999996,-79.37656170000001,3000.0
1009,2,2.0,0,M5J,43.6410868,-79.3814048,3150.0
1010,1,1.0,0,M5V,43.641869899999996,-79.38984570000001,1350.0
1011,2,2.0,0,M5E,43.641620700000004,-79.3717276,3250.0
1012,2,2.0,0,L7S,43.3227584,-79.8071317,2000.0
1013,1,1.0,0,M5H,43.6505597,-79.38207220000001,1950.0
1014,1,2.0,1,L6G,43.8497521,-79.32466629999999,1800.0
1015,1,1.0,0,M4X,43.6658208,-79.36988079999999,2100.0
1016,1,1.0,0,N6B,42.985767100000004,-81.243808,1235.0
1017,2,2.0,0,M5G,43.6601367,-79.3858692,2950.0
1018,1,1.0,0,M5T,43.6554292,-79.4040073,1050.0
1019,1,1.0,0,M6k,43.6371775,-79.4269604,1300.0
1020,1,1.0,0,M4j,43.680128499999995,-79.3401308,1275.0
1021,1,1.0,0,M5c,43.6521692,-79.3723385,1000.0
1022,1,1.0,0,M5C,43.6535202,-79.37377020000001,2100.0
1024,1,1.0,0,M1T,43.780021000000005,-79.2948144,1200.0
1025,1,1.0,0,M4Y,43.6655881,-79.383028,2200.0
1026,1,1.0,0,M4Y,43.6655881,-79.383028,1850.0
1027,1,1.0,0,M5G,43.653885700000004,-79.3880868,2100.0
1028,2,1.5,0,M5E,43.6460983,-79.37605490000001,2600.0
1029,1,1.0,0,M5V,43.6462197,-79.3981256,2175.0
1030,2,2.0,0,m9w,43.718168799999994,-79.56192440000001,1800.0
1031,2,2.0,0,M5V,43.6490235,-79.3884001,4500.0
1032,1,1.0,0,M5V,43.6494054,-79.3927116,2000.0
1033,1,1.0,0,M5V,43.653226000000004,-79.3831843,2175.0
1034,1,1.0,0,M5V,43.6409222,-79.39398299999999,1900.0
1035,1,1.5,1,M5V,43.6375098,-79.39777740000001,2400.0
1036,1,1.0,1,M5V,43.647627299999996,-79.39040809999999,2600.0
1037,1,1.0,0,M5V,43.64187379999999,-79.4103246,2100.0
1038,1,1.0,0,m5v,43.6384911,-79.39098919999999,2100.0
1039,1,1.0,0,M5V,43.6489727,-79.3872946,2200.0
1040,1,1.0,0,M4Y,43.663572200000004,-79.3819958,1725.0
1042,1,1.0,0,M4Y,43.6701358,-79.37871080000001,1200.0
1043,3,3.0,0,M5V,43.6425685,-79.39345959999999,4900.0
1044,1,1.0,0,M5V,43.6468075,-79.40279790000001,2150.0
1045,1,1.0,0,M5A,43.658981,-79.36291899999999,2600.0
1046,2,1.0,0,M4C,43.6923489,-79.3196212,2000.0
1047,1,2.0,1,M8V,43.627447100000005,-79.4783741,2400.0
1048,1,1.0,0,M5B,43.6544596,-79.37581379999999,1700.0
1049,2,1.0,0,M5S,43.6582784,-79.40843659999999,600.0
1050,2,1.0,0,M5V,43.6289467,-79.3944199,3200.0
1051,1,1.0,0,401,43.6535096,-79.39462009999998,1400.0
1052,1,1.0,0,M5A,43.6527574,-79.3665108,2300.0
1053,1,1.0,0,M4X,43.672033299999995,-79.370728,2800.0
1054,2,1.0,0,M9B,43.63560220000001,-79.5412007,2400.0
1055,1,1.0,0,M5J,43.6418064,-79.3789807,2300.0
1056,1,1.0,0,M5J,43.6418064,-79.3789807,1800.0
1057,2,1.0,0,M5T,43.652519500000004,-79.3890778,3700.0
1058,1,1.0,1,M5V,43.6402671,-79.3910061,2500.0
1059,1,1.0,0,M5G,43.6575994,-79.38364,2300.0
1060,2,2.0,0,L8N,43.2464154,-79.85413840000001,1950.0
1061,1,1.0,0,M5X,43.6486599,-79.38157640000001,900.0
1062,1,1.0,0,M5B,43.660846,-79.3787556,1800.0
1063,3,2.0,0,M5B,43.6616535,-79.37755820000001,3999.0
1064,3,1.0,0,M3J,43.766969,-79.4967538,2500.0
1065,1,1.0,0,M5T,43.6554292,-79.4040073,1050.0
1066,1,1.0,0,M5A,43.6527574,-79.3665108,2000.0
1067,1,1.0,0,M5V,43.645594700000004,-79.38606300000001,2000.0
1068,1,1.0,0,M5V,43.6464336,-79.39780640000001,2500.0
1069,2,2.0,0,M5B,43.6611027,-79.3821061,2800.0
1070,1,1.0,1,M5V,43.640863700000004,-79.39573929999999,2350.0
1071,1,1.0,0,L6Z,43.7414078,-79.81601690000001,900.0
1072,1,1.0,0,M5G,43.6539487,-79.3885701,2100.0
1073,1,1.0,0,M5C,43.650324100000006,-79.3779693,1400.0
1074,1,1.0,0,M5V,43.6384219,-79.39759559999999,2000.0
1075,1,1.0,0,M5H,43.650091700000004,-79.3873738,3200.0
1076,1,1.0,0,M5J,43.6465162,-79.3800596,1000.0
1077,2,2.0,0,M5V,43.6476244,-79.3968608,2850.0
1078,1,1.0,0,M4B,43.700427399999995,-79.2961132,1000.0
1079,1,1.0,0,M5V,43.645641,-79.39295340000001,2400.0
1080,2,2.0,0,M8Y,43.6240747,-79.4849171,2350.0
1081,2,1.0,0,L3T,43.837827399999995,-79.38790429999999,2300.0
1082,1,1.0,0,M5J,43.6428849,-79.3806168,2300.0
1083,1,1.0,0,L6A,43.8786049,-79.48796490000001,2400.0
1084,1,1.5,1,M5B,43.66053970000001,-79.37866170000001,2300.0
1085,2,2.0,0,L3R,43.85631,-79.3286298,2400.0
1086,1,1.0,1,M5C,43.649066499999996,-79.37693,2500.0
1087,2,1.0,0,M5R,43.6757718,-79.41148309999998,1500.0
1088,1,1.0,1,M9B,43.6358692,-79.54015179999999,1800.0
1089,1,1.0,0,M5H,43.6505597,-79.38207220000001,2200.0
1090,2,2.0,0,m1m,43.653226000000004,-79.3831843,1750.0
1091,1,1.0,1,M5A,43.654788200000006,-79.3597037,1000.0
1092,1,1.5,1,M5V,43.6381439,-79.39751,2400.0
1093,1,1.0,0,M5A,43.644775700000004,-79.3665735,4000.0
1094,1,1.0,0,m5b,43.661091,-79.38250009999999,1600.0
1095,1,1.0,0,M5J,43.6406456,-79.380939,4000.0
1097,1,1.0,1,L1W,43.8275826,-79.0913806,1700.0
1098,1,1.0,0,301,43.670726,-79.3107743,950.0
1099,1,1.0,0,M5A,43.654228100000005,-79.36701540000001,700.0
1100,1,1.0,0,M5E,43.641620700000004,-79.3717276,2700.0
1101,1,1.0,0,M5G,43.6547234,-79.3814004,700.0
1102,1,2.0,1,L6G,43.8518852,-79.336294,1900.0
1103,2,2.0,0,M9B,43.6372559,-79.5382147,2500.0
1104,1,1.0,0,M5B,43.654706899999994,-79.379245,1650.0
1105,1,1.0,0,M5S,43.6655297,-79.39547540000001,1000.0
1106,1,1.0,0,M5V,43.6465801,-79.3998612,1199.0
1107,1,1.0,0,M4Y,43.6691213,-79.3847434,1500.0
1108,2,1.5,0,M5J,43.6418726,-79.3819064,3200.0
1109,2,2.0,0,M5V,43.6375235,-79.40087700000001,3100.0
1110,1,1.0,0,M3C,43.723587,-79.32487859999999,300.0
1111,2,1.0,0,M5R,43.6805461,-79.4175732,2100.0
1112,1,1.0,0,M5G,43.6599624,-79.3850953,1600.0
1113,1,1.0,0,M5j,43.642088799999996,-79.3816864,1950.0
1114,1,1.0,0,L5B,43.5872775,-79.63915759999999,1950.0
1115,2,2.0,0,M5A,43.6594213,-79.36102509999999,2600.0
1116,1,1.0,0,M5G,43.658974,-79.3840397,2000.0
1117,2,2.0,0,M5V,43.6476244,-79.3968608,3000.0
1118,3,2.0,0,L7S,43.322843400000004,-79.8077184,2400.0
1119,3,1.0,0,L7S,43.32523320000001,-79.8021823,3000.0
1120,1,1.0,0,L6M,43.4454259,-79.7368328,1200.0
1121,1,1.0,0,M4C,43.6833856,-79.3094088,1800.0
1122,2,1.0,0,M5B,43.653636,-79.38087259999999,2200.0
1123,1,1.0,0,M4X,43.6699315,-79.3754627,2150.0
